phase,train_fraction,method,queue_run,severity,corruption,it_total_ood_auroc,it_epistemic_ood_auroc,it_aleatoric_ood_auroc
full-data,1.0,sngp,1692idyk,1,brightness,0.500515,0.500005,0.500518
full-data,1.0,sngp,1692idyk,1,contrast,0.515318,0.509990,0.515329
full-data,1.0,sngp,1692idyk,1,defocus_blur,0.504478,0.503145,0.504485
full-data,1.0,sngp,1692idyk,1,elastic,0.642576,0.627158,0.642608
full-data,1.0,sngp,1692idyk,1,fog,0.508958,0.506356,0.508965
full-data,1.0,sngp,1692idyk,1,frost,0.625655,0.618629,0.625663
full-data,1.0,sngp,1692idyk,1,frosted_glass_blur,0.879337,0.871596,0.879373
full-data,1.0,sngp,1692idyk,1,gaussian_noise,0.756778,0.751952,0.756780
full-data,1.0,sngp,1692idyk,1,impulse_noise,0.712445,0.708018,0.712446
full-data,1.0,sngp,1692idyk,1,jpeg,0.696740,0.676895,0.696796
full-data,1.0,sngp,1692idyk,1,motion_blur,0.631321,0.623964,0.631324
full-data,1.0,sngp,1692idyk,1,pixelate,0.576755,0.565832,0.576780
full-data,1.0,sngp,1692idyk,1,shot_noise,0.685514,0.682070,0.685503
full-data,1.0,sngp,1692idyk,1,snow,0.611051,0.603203,0.611073
full-data,1.0,sngp,1692idyk,1,zoom_blur,0.687784,0.676169,0.687804
full-data,1.0,sngp,1692idyk,2,brightness,0.508991,0.506271,0.508998
full-data,1.0,sngp,1692idyk,2,contrast,0.594170,0.578666,0.594202
full-data,1.0,sngp,1692idyk,2,defocus_blur,0.550711,0.543569,0.550721
full-data,1.0,sngp,1692idyk,2,elastic,0.644239,0.628648,0.644272
full-data,1.0,sngp,1692idyk,2,fog,0.543440,0.534569,0.543459
full-data,1.0,sngp,1692idyk,2,frost,0.699849,0.691003,0.699865
full-data,1.0,sngp,1692idyk,2,frosted_glass_blur,0.873560,0.863789,0.873604
full-data,1.0,sngp,1692idyk,2,gaussian_noise,0.855297,0.852059,0.855307
full-data,1.0,sngp,1692idyk,2,impulse_noise,0.812134,0.806065,0.812142
full-data,1.0,sngp,1692idyk,2,jpeg,0.773566,0.755036,0.773622
full-data,1.0,sngp,1692idyk,2,motion_blur,0.728053,0.721734,0.728055
full-data,1.0,sngp,1692idyk,2,pixelate,0.663027,0.649304,0.663063
full-data,1.0,sngp,1692idyk,2,shot_noise,0.764251,0.760178,0.764249
full-data,1.0,sngp,1692idyk,2,snow,0.737824,0.728832,0.737843
full-data,1.0,sngp,1692idyk,2,zoom_blur,0.745640,0.739295,0.745648
full-data,1.0,sngp,1692idyk,3,brightness,0.524358,0.518845,0.524372
full-data,1.0,sngp,1692idyk,3,contrast,0.661464,0.643619,0.661504
full-data,1.0,sngp,1692idyk,3,defocus_blur,0.678095,0.670289,0.678099
full-data,1.0,sngp,1692idyk,3,elastic,0.719691,0.707121,0.719717
full-data,1.0,sngp,1692idyk,3,fog,0.582538,0.570980,0.582563
full-data,1.0,sngp,1692idyk,3,frost,0.777386,0.769296,0.777400
full-data,1.0,sngp,1692idyk,3,frosted_glass_blur,0.867550,0.858440,0.867585
full-data,1.0,sngp,1692idyk,3,gaussian_noise,0.908925,0.908408,0.908914
full-data,1.0,sngp,1692idyk,3,impulse_noise,0.871403,0.864280,0.871429
full-data,1.0,sngp,1692idyk,3,jpeg,0.796989,0.779585,0.797046
full-data,1.0,sngp,1692idyk,3,motion_blur,0.796301,0.791181,0.796306
full-data,1.0,sngp,1692idyk,3,pixelate,0.708218,0.696499,0.708253
full-data,1.0,sngp,1692idyk,3,shot_noise,0.873087,0.870510,0.873084
full-data,1.0,sngp,1692idyk,3,snow,0.708491,0.696836,0.708517
full-data,1.0,sngp,1692idyk,3,zoom_blur,0.808675,0.805342,0.808671
full-data,1.0,sngp,1692idyk,4,brightness,0.544750,0.538846,0.544764
full-data,1.0,sngp,1692idyk,4,contrast,0.757342,0.742199,0.757388
full-data,1.0,sngp,1692idyk,4,defocus_blur,0.802057,0.799877,0.802047
full-data,1.0,sngp,1692idyk,4,elastic,0.783603,0.772586,0.783640
full-data,1.0,sngp,1692idyk,4,fog,0.643098,0.628569,0.643129
full-data,1.0,sngp,1692idyk,4,frost,0.787983,0.781555,0.787995
full-data,1.0,sngp,1692idyk,4,frosted_glass_blur,0.898939,0.887775,0.898994
full-data,1.0,sngp,1692idyk,4,gaussian_noise,0.926282,0.927539,0.926256
full-data,1.0,sngp,1692idyk,4,impulse_noise,0.936329,0.933618,0.936338
full-data,1.0,sngp,1692idyk,4,jpeg,0.821443,0.805217,0.821496
full-data,1.0,sngp,1692idyk,4,motion_blur,0.796311,0.791381,0.796311
full-data,1.0,sngp,1692idyk,4,pixelate,0.805531,0.801289,0.805536
full-data,1.0,sngp,1692idyk,4,shot_noise,0.900445,0.899581,0.900431
full-data,1.0,sngp,1692idyk,4,snow,0.732084,0.720898,0.732110
full-data,1.0,sngp,1692idyk,4,zoom_blur,0.851167,0.850208,0.851148
full-data,1.0,sngp,1692idyk,5,brightness,0.597551,0.586633,0.597575
full-data,1.0,sngp,1692idyk,5,contrast,0.920229,0.914752,0.920252
full-data,1.0,sngp,1692idyk,5,defocus_blur,0.915292,0.914982,0.915267
full-data,1.0,sngp,1692idyk,5,elastic,0.816088,0.803177,0.816135
full-data,1.0,sngp,1692idyk,5,fog,0.798682,0.793821,0.798681
full-data,1.0,sngp,1692idyk,5,frost,0.836441,0.832328,0.836444
full-data,1.0,sngp,1692idyk,5,frosted_glass_blur,0.896635,0.885800,0.896686
full-data,1.0,sngp,1692idyk,5,gaussian_noise,0.939217,0.942547,0.939169
full-data,1.0,sngp,1692idyk,5,impulse_noise,0.956367,0.960472,0.956318
full-data,1.0,sngp,1692idyk,5,jpeg,0.845091,0.831224,0.845141
full-data,1.0,sngp,1692idyk,5,motion_blur,0.842244,0.838074,0.842247
full-data,1.0,sngp,1692idyk,5,pixelate,0.860044,0.860306,0.860022
full-data,1.0,sngp,1692idyk,5,shot_noise,0.929742,0.931840,0.929703
full-data,1.0,sngp,1692idyk,5,snow,0.779148,0.771065,0.779167
full-data,1.0,sngp,1692idyk,5,zoom_blur,0.894301,0.894717,0.894270
full-data,1.0,edl,5lhhpt1y,1,brightness,0.496656,0.496673,0.496756
full-data,1.0,edl,5lhhpt1y,1,contrast,0.515340,0.515346,0.515392
full-data,1.0,edl,5lhhpt1y,1,defocus_blur,0.502991,0.503019,0.502988
full-data,1.0,edl,5lhhpt1y,1,elastic,0.620412,0.620526,0.620390
full-data,1.0,edl,5lhhpt1y,1,fog,0.508238,0.508254,0.508170
full-data,1.0,edl,5lhhpt1y,1,frost,0.590618,0.590598,0.590628
full-data,1.0,edl,5lhhpt1y,1,frosted_glass_blur,0.865395,0.865843,0.863542
full-data,1.0,edl,5lhhpt1y,1,gaussian_noise,0.712933,0.712867,0.713149
full-data,1.0,edl,5lhhpt1y,1,impulse_noise,0.647067,0.647288,0.646237
full-data,1.0,edl,5lhhpt1y,1,jpeg,0.655924,0.656076,0.655772
full-data,1.0,edl,5lhhpt1y,1,motion_blur,0.607864,0.607970,0.607837
full-data,1.0,edl,5lhhpt1y,1,pixelate,0.554688,0.554787,0.554602
full-data,1.0,edl,5lhhpt1y,1,shot_noise,0.640288,0.640285,0.640268
full-data,1.0,edl,5lhhpt1y,1,snow,0.600876,0.600954,0.600889
full-data,1.0,edl,5lhhpt1y,1,zoom_blur,0.666296,0.666471,0.665888
full-data,1.0,edl,5lhhpt1y,2,brightness,0.500797,0.500816,0.500744
full-data,1.0,edl,5lhhpt1y,2,contrast,0.597437,0.597507,0.597577
full-data,1.0,edl,5lhhpt1y,2,defocus_blur,0.538644,0.538654,0.538588
full-data,1.0,edl,5lhhpt1y,2,elastic,0.618929,0.619103,0.618821
full-data,1.0,edl,5lhhpt1y,2,fog,0.546034,0.546086,0.546106
full-data,1.0,edl,5lhhpt1y,2,frost,0.667815,0.667837,0.667621
full-data,1.0,edl,5lhhpt1y,2,frosted_glass_blur,0.858145,0.858527,0.856178
full-data,1.0,edl,5lhhpt1y,2,gaussian_noise,0.804745,0.804770,0.804853
full-data,1.0,edl,5lhhpt1y,2,impulse_noise,0.745283,0.745721,0.743435
full-data,1.0,edl,5lhhpt1y,2,jpeg,0.712405,0.712533,0.712203
full-data,1.0,edl,5lhhpt1y,2,motion_blur,0.698563,0.698687,0.698348
full-data,1.0,edl,5lhhpt1y,2,pixelate,0.609100,0.609098,0.609128
full-data,1.0,edl,5lhhpt1y,2,shot_noise,0.715470,0.715445,0.715544
full-data,1.0,edl,5lhhpt1y,2,snow,0.722621,0.722708,0.722259
full-data,1.0,edl,5lhhpt1y,2,zoom_blur,0.698409,0.698607,0.698166
full-data,1.0,edl,5lhhpt1y,3,brightness,0.512507,0.512563,0.512364
full-data,1.0,edl,5lhhpt1y,3,contrast,0.664780,0.664814,0.664768
full-data,1.0,edl,5lhhpt1y,3,defocus_blur,0.625107,0.625197,0.624741
full-data,1.0,edl,5lhhpt1y,3,elastic,0.677344,0.677533,0.676846
full-data,1.0,edl,5lhhpt1y,3,fog,0.589409,0.589488,0.589519
full-data,1.0,edl,5lhhpt1y,3,frost,0.755009,0.755099,0.754707
full-data,1.0,edl,5lhhpt1y,3,frosted_glass_blur,0.843697,0.844068,0.842563
full-data,1.0,edl,5lhhpt1y,3,gaussian_noise,0.844162,0.844324,0.843611
full-data,1.0,edl,5lhhpt1y,3,impulse_noise,0.815607,0.816183,0.812969
full-data,1.0,edl,5lhhpt1y,3,jpeg,0.730406,0.730540,0.730004
full-data,1.0,edl,5lhhpt1y,3,motion_blur,0.771045,0.771287,0.770585
full-data,1.0,edl,5lhhpt1y,3,pixelate,0.647543,0.647522,0.647515
full-data,1.0,edl,5lhhpt1y,3,shot_noise,0.812576,0.812621,0.812680
full-data,1.0,edl,5lhhpt1y,3,snow,0.686560,0.686719,0.685831
full-data,1.0,edl,5lhhpt1y,3,zoom_blur,0.752650,0.752894,0.751985
full-data,1.0,edl,5lhhpt1y,4,brightness,0.530618,0.530715,0.530301
full-data,1.0,edl,5lhhpt1y,4,contrast,0.758460,0.758458,0.758803
full-data,1.0,edl,5lhhpt1y,4,defocus_blur,0.735272,0.735324,0.735010
full-data,1.0,edl,5lhhpt1y,4,elastic,0.758994,0.759273,0.757563
full-data,1.0,edl,5lhhpt1y,4,fog,0.648070,0.648138,0.647898
full-data,1.0,edl,5lhhpt1y,4,frost,0.767677,0.767728,0.767523
full-data,1.0,edl,5lhhpt1y,4,frosted_glass_blur,0.884689,0.885185,0.882067
full-data,1.0,edl,5lhhpt1y,4,gaussian_noise,0.854115,0.854404,0.853443
full-data,1.0,edl,5lhhpt1y,4,impulse_noise,0.892974,0.893974,0.888037
full-data,1.0,edl,5lhhpt1y,4,jpeg,0.750044,0.750178,0.749860
full-data,1.0,edl,5lhhpt1y,4,motion_blur,0.771045,0.771287,0.770585
full-data,1.0,edl,5lhhpt1y,4,pixelate,0.734806,0.734700,0.735467
full-data,1.0,edl,5lhhpt1y,4,shot_noise,0.836428,0.836461,0.836156
full-data,1.0,edl,5lhhpt1y,4,snow,0.706738,0.706931,0.705661
full-data,1.0,edl,5lhhpt1y,4,zoom_blur,0.790104,0.790282,0.789056
full-data,1.0,edl,5lhhpt1y,5,brightness,0.581599,0.581707,0.581281
full-data,1.0,edl,5lhhpt1y,5,contrast,0.916080,0.915258,0.920325
full-data,1.0,edl,5lhhpt1y,5,defocus_blur,0.862813,0.862944,0.862240
full-data,1.0,edl,5lhhpt1y,5,elastic,0.797220,0.797739,0.795188
full-data,1.0,edl,5lhhpt1y,5,fog,0.786148,0.786250,0.786142
full-data,1.0,edl,5lhhpt1y,5,frost,0.822840,0.822921,0.823385
full-data,1.0,edl,5lhhpt1y,5,frosted_glass_blur,0.871855,0.872272,0.869983
full-data,1.0,edl,5lhhpt1y,5,gaussian_noise,0.861211,0.861564,0.860780
full-data,1.0,edl,5lhhpt1y,5,impulse_noise,0.920180,0.921023,0.915666
full-data,1.0,edl,5lhhpt1y,5,jpeg,0.773442,0.773732,0.772652
full-data,1.0,edl,5lhhpt1y,5,motion_blur,0.822834,0.823069,0.821690
full-data,1.0,edl,5lhhpt1y,5,pixelate,0.790970,0.790706,0.792818
full-data,1.0,edl,5lhhpt1y,5,shot_noise,0.856235,0.856509,0.855786
full-data,1.0,edl,5lhhpt1y,5,snow,0.751533,0.751588,0.751145
full-data,1.0,edl,5lhhpt1y,5,zoom_blur,0.837527,0.837693,0.836589
full-data,1.0,ddu,5w1yjrmj,1,brightness,0.501589,0.500000,0.501589
full-data,1.0,ddu,5w1yjrmj,1,contrast,0.517236,0.500000,0.517236
full-data,1.0,ddu,5w1yjrmj,1,defocus_blur,0.506513,0.500000,0.506513
full-data,1.0,ddu,5w1yjrmj,1,elastic,0.632211,0.500000,0.632211
full-data,1.0,ddu,5w1yjrmj,1,fog,0.509680,0.500000,0.509680
full-data,1.0,ddu,5w1yjrmj,1,frost,0.620014,0.500000,0.620014
full-data,1.0,ddu,5w1yjrmj,1,frosted_glass_blur,0.841603,0.500000,0.841603
full-data,1.0,ddu,5w1yjrmj,1,gaussian_noise,0.724498,0.500000,0.724498
full-data,1.0,ddu,5w1yjrmj,1,impulse_noise,0.663182,0.500000,0.663182
full-data,1.0,ddu,5w1yjrmj,1,jpeg,0.701490,0.500000,0.701490
full-data,1.0,ddu,5w1yjrmj,1,motion_blur,0.623887,0.500000,0.623887
full-data,1.0,ddu,5w1yjrmj,1,pixelate,0.580238,0.500000,0.580238
full-data,1.0,ddu,5w1yjrmj,1,shot_noise,0.665423,0.500000,0.665423
full-data,1.0,ddu,5w1yjrmj,1,snow,0.599951,0.500000,0.599951
full-data,1.0,ddu,5w1yjrmj,1,zoom_blur,0.662916,0.500000,0.662916
full-data,1.0,ddu,5w1yjrmj,2,brightness,0.510416,0.500000,0.510416
full-data,1.0,ddu,5w1yjrmj,2,contrast,0.591188,0.500000,0.591188
full-data,1.0,ddu,5w1yjrmj,2,defocus_blur,0.547107,0.500000,0.547107
full-data,1.0,ddu,5w1yjrmj,2,elastic,0.632769,0.500000,0.632769
full-data,1.0,ddu,5w1yjrmj,2,fog,0.543774,0.500000,0.543774
full-data,1.0,ddu,5w1yjrmj,2,frost,0.688293,0.500000,0.688293
full-data,1.0,ddu,5w1yjrmj,2,frosted_glass_blur,0.837024,0.500000,0.837024
full-data,1.0,ddu,5w1yjrmj,2,gaussian_noise,0.808758,0.500000,0.808758
full-data,1.0,ddu,5w1yjrmj,2,impulse_noise,0.764708,0.500000,0.764708
full-data,1.0,ddu,5w1yjrmj,2,jpeg,0.771302,0.500000,0.771302
full-data,1.0,ddu,5w1yjrmj,2,motion_blur,0.710924,0.500000,0.710924
full-data,1.0,ddu,5w1yjrmj,2,pixelate,0.658880,0.500000,0.658880
full-data,1.0,ddu,5w1yjrmj,2,shot_noise,0.732685,0.500000,0.732685
full-data,1.0,ddu,5w1yjrmj,2,snow,0.716606,0.500000,0.716606
full-data,1.0,ddu,5w1yjrmj,2,zoom_blur,0.700877,0.500000,0.700877
full-data,1.0,ddu,5w1yjrmj,3,brightness,0.525353,0.500000,0.525353
full-data,1.0,ddu,5w1yjrmj,3,contrast,0.649240,0.500000,0.649240
full-data,1.0,ddu,5w1yjrmj,3,defocus_blur,0.645212,0.500000,0.645212
full-data,1.0,ddu,5w1yjrmj,3,elastic,0.688496,0.500000,0.688496
full-data,1.0,ddu,5w1yjrmj,3,fog,0.580278,0.500000,0.580278
full-data,1.0,ddu,5w1yjrmj,3,frost,0.758409,0.500000,0.758409
full-data,1.0,ddu,5w1yjrmj,3,frosted_glass_blur,0.834027,0.500000,0.834027
full-data,1.0,ddu,5w1yjrmj,3,gaussian_noise,0.851590,0.500000,0.851590
full-data,1.0,ddu,5w1yjrmj,3,impulse_noise,0.830712,0.500000,0.830712
full-data,1.0,ddu,5w1yjrmj,3,jpeg,0.792349,0.500000,0.792349
full-data,1.0,ddu,5w1yjrmj,3,motion_blur,0.770745,0.500000,0.770745
full-data,1.0,ddu,5w1yjrmj,3,pixelate,0.703355,0.500000,0.703355
full-data,1.0,ddu,5w1yjrmj,3,shot_noise,0.823333,0.500000,0.823333
full-data,1.0,ddu,5w1yjrmj,3,snow,0.692447,0.500000,0.692447
full-data,1.0,ddu,5w1yjrmj,3,zoom_blur,0.751932,0.500000,0.751932
full-data,1.0,ddu,5w1yjrmj,4,brightness,0.546124,0.500000,0.546124
full-data,1.0,ddu,5w1yjrmj,4,contrast,0.731057,0.500000,0.731057
full-data,1.0,ddu,5w1yjrmj,4,defocus_blur,0.751353,0.500000,0.751353
full-data,1.0,ddu,5w1yjrmj,4,elastic,0.746371,0.500000,0.746371
full-data,1.0,ddu,5w1yjrmj,4,fog,0.634911,0.500000,0.634911
full-data,1.0,ddu,5w1yjrmj,4,frost,0.767865,0.500000,0.767865
full-data,1.0,ddu,5w1yjrmj,4,frosted_glass_blur,0.873091,0.500000,0.873091
full-data,1.0,ddu,5w1yjrmj,4,gaussian_noise,0.863563,0.500000,0.863563
full-data,1.0,ddu,5w1yjrmj,4,impulse_noise,0.907043,0.500000,0.907043
full-data,1.0,ddu,5w1yjrmj,4,jpeg,0.812469,0.500000,0.812469
full-data,1.0,ddu,5w1yjrmj,4,motion_blur,0.770745,0.500000,0.770745
full-data,1.0,ddu,5w1yjrmj,4,pixelate,0.790146,0.500000,0.790146
full-data,1.0,ddu,5w1yjrmj,4,shot_noise,0.847382,0.500000,0.847382
full-data,1.0,ddu,5w1yjrmj,4,snow,0.713910,0.500000,0.713910
full-data,1.0,ddu,5w1yjrmj,4,zoom_blur,0.788344,0.500000,0.788344
full-data,1.0,ddu,5w1yjrmj,5,brightness,0.597828,0.500000,0.597828
full-data,1.0,ddu,5w1yjrmj,5,contrast,0.887454,0.500000,0.887454
full-data,1.0,ddu,5w1yjrmj,5,defocus_blur,0.878211,0.500000,0.878211
full-data,1.0,ddu,5w1yjrmj,5,elastic,0.788983,0.500000,0.788983
full-data,1.0,ddu,5w1yjrmj,5,fog,0.772669,0.500000,0.772669
full-data,1.0,ddu,5w1yjrmj,5,frost,0.816739,0.500000,0.816739
full-data,1.0,ddu,5w1yjrmj,5,frosted_glass_blur,0.869847,0.500000,0.869847
full-data,1.0,ddu,5w1yjrmj,5,gaussian_noise,0.871934,0.500000,0.871934
full-data,1.0,ddu,5w1yjrmj,5,impulse_noise,0.933603,0.500000,0.933603
full-data,1.0,ddu,5w1yjrmj,5,jpeg,0.833778,0.500000,0.833778
full-data,1.0,ddu,5w1yjrmj,5,motion_blur,0.810802,0.500000,0.810802
full-data,1.0,ddu,5w1yjrmj,5,pixelate,0.862689,0.500000,0.862689
full-data,1.0,ddu,5w1yjrmj,5,shot_noise,0.873288,0.500000,0.873288
full-data,1.0,ddu,5w1yjrmj,5,snow,0.757499,0.500000,0.757499
full-data,1.0,ddu,5w1yjrmj,5,zoom_blur,0.830280,0.500000,0.830280
full-data,1.0,postnet,8ugac5sn,1,brightness,0.500135,0.500614,0.500133
full-data,1.0,postnet,8ugac5sn,1,contrast,0.506686,0.505170,0.506734
full-data,1.0,postnet,8ugac5sn,1,defocus_blur,0.500623,0.498687,0.500669
full-data,1.0,postnet,8ugac5sn,1,elastic,0.583828,0.547457,0.584444
full-data,1.0,postnet,8ugac5sn,1,fog,0.502657,0.501360,0.502670
full-data,1.0,postnet,8ugac5sn,1,frost,0.588565,0.574973,0.588838
full-data,1.0,postnet,8ugac5sn,1,frosted_glass_blur,0.823847,0.765257,0.824445
full-data,1.0,postnet,8ugac5sn,1,gaussian_noise,0.713530,0.705849,0.713586
full-data,1.0,postnet,8ugac5sn,1,impulse_noise,0.628401,0.560300,0.629401
full-data,1.0,postnet,8ugac5sn,1,jpeg,0.642251,0.612658,0.642677
full-data,1.0,postnet,8ugac5sn,1,motion_blur,0.588524,0.563106,0.588952
full-data,1.0,postnet,8ugac5sn,1,pixelate,0.549196,0.535577,0.549429
full-data,1.0,postnet,8ugac5sn,1,shot_noise,0.648765,0.641949,0.648843
full-data,1.0,postnet,8ugac5sn,1,snow,0.566667,0.543852,0.567057
full-data,1.0,postnet,8ugac5sn,1,zoom_blur,0.631343,0.588376,0.632018
full-data,1.0,postnet,8ugac5sn,2,brightness,0.503781,0.501540,0.503831
full-data,1.0,postnet,8ugac5sn,2,contrast,0.544709,0.522821,0.545089
full-data,1.0,postnet,8ugac5sn,2,defocus_blur,0.525834,0.511560,0.526083
full-data,1.0,postnet,8ugac5sn,2,elastic,0.587132,0.549296,0.587759
full-data,1.0,postnet,8ugac5sn,2,fog,0.518667,0.509310,0.518858
full-data,1.0,postnet,8ugac5sn,2,frost,0.646997,0.620913,0.647448
full-data,1.0,postnet,8ugac5sn,2,frosted_glass_blur,0.815655,0.756393,0.816271
full-data,1.0,postnet,8ugac5sn,2,gaussian_noise,0.809610,0.792000,0.809692
full-data,1.0,postnet,8ugac5sn,2,impulse_noise,0.748733,0.655862,0.749788
full-data,1.0,postnet,8ugac5sn,2,jpeg,0.705090,0.657903,0.705718
full-data,1.0,postnet,8ugac5sn,2,motion_blur,0.675593,0.625158,0.676293
full-data,1.0,postnet,8ugac5sn,2,pixelate,0.621711,0.604223,0.621988
full-data,1.0,postnet,8ugac5sn,2,shot_noise,0.728013,0.723624,0.728007
full-data,1.0,postnet,8ugac5sn,2,snow,0.687560,0.656096,0.688000
full-data,1.0,postnet,8ugac5sn,2,zoom_blur,0.701185,0.644950,0.701925
full-data,1.0,postnet,8ugac5sn,3,brightness,0.510693,0.503644,0.510827
full-data,1.0,postnet,8ugac5sn,3,contrast,0.584512,0.542833,0.585180
full-data,1.0,postnet,8ugac5sn,3,defocus_blur,0.631032,0.588233,0.631667
full-data,1.0,postnet,8ugac5sn,3,elastic,0.661045,0.608118,0.661768
full-data,1.0,postnet,8ugac5sn,3,fog,0.542714,0.523305,0.543049
full-data,1.0,postnet,8ugac5sn,3,frost,0.720018,0.687222,0.720482
full-data,1.0,postnet,8ugac5sn,3,frosted_glass_blur,0.804640,0.748622,0.805236
full-data,1.0,postnet,8ugac5sn,3,gaussian_noise,0.856269,0.808898,0.856587
full-data,1.0,postnet,8ugac5sn,3,impulse_noise,0.842254,0.742915,0.843082
full-data,1.0,postnet,8ugac5sn,3,jpeg,0.729614,0.676707,0.730304
full-data,1.0,postnet,8ugac5sn,3,motion_blur,0.744925,0.673936,0.745759
full-data,1.0,postnet,8ugac5sn,3,pixelate,0.663452,0.641120,0.663764
full-data,1.0,postnet,8ugac5sn,3,shot_noise,0.826262,0.806854,0.826344
full-data,1.0,postnet,8ugac5sn,3,snow,0.651630,0.611164,0.652221
full-data,1.0,postnet,8ugac5sn,3,zoom_blur,0.773702,0.710018,0.774401
full-data,1.0,postnet,8ugac5sn,4,brightness,0.522612,0.509155,0.522858
full-data,1.0,postnet,8ugac5sn,4,contrast,0.661624,0.587616,0.662618
full-data,1.0,postnet,8ugac5sn,4,defocus_blur,0.757304,0.693042,0.758042
full-data,1.0,postnet,8ugac5sn,4,elastic,0.728080,0.664603,0.728864
full-data,1.0,postnet,8ugac5sn,4,fog,0.593118,0.562846,0.593625
full-data,1.0,postnet,8ugac5sn,4,frost,0.731962,0.700610,0.732391
full-data,1.0,postnet,8ugac5sn,4,frosted_glass_blur,0.854041,0.793675,0.854609
full-data,1.0,postnet,8ugac5sn,4,gaussian_noise,0.872450,0.807637,0.872867
full-data,1.0,postnet,8ugac5sn,4,impulse_noise,0.872139,0.742519,0.873033
full-data,1.0,postnet,8ugac5sn,4,jpeg,0.752971,0.693926,0.753701
full-data,1.0,postnet,8ugac5sn,4,motion_blur,0.744925,0.673936,0.745759
full-data,1.0,postnet,8ugac5sn,4,pixelate,0.746104,0.713503,0.746484
full-data,1.0,postnet,8ugac5sn,4,shot_noise,0.853292,0.819845,0.853484
full-data,1.0,postnet,8ugac5sn,4,snow,0.674996,0.631668,0.675637
full-data,1.0,postnet,8ugac5sn,4,zoom_blur,0.823640,0.752368,0.824318
full-data,1.0,postnet,8ugac5sn,5,brightness,0.556043,0.525852,0.556566
full-data,1.0,postnet,8ugac5sn,5,contrast,0.871669,0.773632,0.872566
full-data,1.0,postnet,8ugac5sn,5,defocus_blur,0.897859,0.804253,0.898519
full-data,1.0,postnet,8ugac5sn,5,elastic,0.752566,0.682698,0.753367
full-data,1.0,postnet,8ugac5sn,5,fog,0.745600,0.698602,0.746208
full-data,1.0,postnet,8ugac5sn,5,frost,0.782446,0.746373,0.782880
full-data,1.0,postnet,8ugac5sn,5,frosted_glass_blur,0.844661,0.787359,0.845226
full-data,1.0,postnet,8ugac5sn,5,gaussian_noise,0.882594,0.801753,0.883087
full-data,1.0,postnet,8ugac5sn,5,impulse_noise,0.823271,0.641093,0.824800
full-data,1.0,postnet,8ugac5sn,5,jpeg,0.785653,0.721581,0.786344
full-data,1.0,postnet,8ugac5sn,5,motion_blur,0.799013,0.707947,0.799895
full-data,1.0,postnet,8ugac5sn,5,pixelate,0.773769,0.715091,0.774413
full-data,1.0,postnet,8ugac5sn,5,shot_noise,0.877943,0.819042,0.878292
full-data,1.0,postnet,8ugac5sn,5,snow,0.720462,0.678552,0.721039
full-data,1.0,postnet,8ugac5sn,5,zoom_blur,0.870409,0.788113,0.871040
full-data,1.0,loss-prediction,9fb4ansn,1,brightness,0.499849,0.500000,0.499849
full-data,1.0,loss-prediction,9fb4ansn,1,contrast,0.523232,0.500000,0.523232
full-data,1.0,loss-prediction,9fb4ansn,1,defocus_blur,0.513719,0.500000,0.513719
full-data,1.0,loss-prediction,9fb4ansn,1,elastic,0.641554,0.500000,0.641554
full-data,1.0,loss-prediction,9fb4ansn,1,fog,0.511378,0.500000,0.511378
full-data,1.0,loss-prediction,9fb4ansn,1,frost,0.574066,0.500000,0.574066
full-data,1.0,loss-prediction,9fb4ansn,1,frosted_glass_blur,0.830569,0.500000,0.830569
full-data,1.0,loss-prediction,9fb4ansn,1,gaussian_noise,0.650092,0.500000,0.650092
full-data,1.0,loss-prediction,9fb4ansn,1,impulse_noise,0.654381,0.500000,0.654381
full-data,1.0,loss-prediction,9fb4ansn,1,jpeg,0.631916,0.500000,0.631916
full-data,1.0,loss-prediction,9fb4ansn,1,motion_blur,0.620978,0.500000,0.620978
full-data,1.0,loss-prediction,9fb4ansn,1,pixelate,0.538940,0.500000,0.538940
full-data,1.0,loss-prediction,9fb4ansn,1,shot_noise,0.596710,0.500000,0.596710
full-data,1.0,loss-prediction,9fb4ansn,1,snow,0.609413,0.500000,0.609413
full-data,1.0,loss-prediction,9fb4ansn,1,zoom_blur,0.680406,0.500000,0.680406
full-data,1.0,loss-prediction,9fb4ansn,2,brightness,0.507123,0.500000,0.507123
full-data,1.0,loss-prediction,9fb4ansn,2,contrast,0.619765,0.500000,0.619765
full-data,1.0,loss-prediction,9fb4ansn,2,defocus_blur,0.571554,0.500000,0.571554
full-data,1.0,loss-prediction,9fb4ansn,2,elastic,0.643789,0.500000,0.643789
full-data,1.0,loss-prediction,9fb4ansn,2,fog,0.556347,0.500000,0.556347
full-data,1.0,loss-prediction,9fb4ansn,2,frost,0.635938,0.500000,0.635938
full-data,1.0,loss-prediction,9fb4ansn,2,frosted_glass_blur,0.824981,0.500000,0.824981
full-data,1.0,loss-prediction,9fb4ansn,2,gaussian_noise,0.748495,0.500000,0.748495
full-data,1.0,loss-prediction,9fb4ansn,2,impulse_noise,0.741329,0.500000,0.741329
full-data,1.0,loss-prediction,9fb4ansn,2,jpeg,0.692600,0.500000,0.692600
full-data,1.0,loss-prediction,9fb4ansn,2,motion_blur,0.709286,0.500000,0.709286
full-data,1.0,loss-prediction,9fb4ansn,2,pixelate,0.578672,0.500000,0.578672
full-data,1.0,loss-prediction,9fb4ansn,2,shot_noise,0.659449,0.500000,0.659449
full-data,1.0,loss-prediction,9fb4ansn,2,snow,0.709615,0.500000,0.709615
full-data,1.0,loss-prediction,9fb4ansn,2,zoom_blur,0.715476,0.500000,0.715476
full-data,1.0,loss-prediction,9fb4ansn,3,brightness,0.521507,0.500000,0.521507
full-data,1.0,loss-prediction,9fb4ansn,3,contrast,0.690028,0.500000,0.690028
full-data,1.0,loss-prediction,9fb4ansn,3,defocus_blur,0.664143,0.500000,0.664143
full-data,1.0,loss-prediction,9fb4ansn,3,elastic,0.700748,0.500000,0.700748
full-data,1.0,loss-prediction,9fb4ansn,3,fog,0.604963,0.500000,0.604963
full-data,1.0,loss-prediction,9fb4ansn,3,frost,0.708021,0.500000,0.708021
full-data,1.0,loss-prediction,9fb4ansn,3,frosted_glass_blur,0.803722,0.500000,0.803722
full-data,1.0,loss-prediction,9fb4ansn,3,gaussian_noise,0.819616,0.500000,0.819616
full-data,1.0,loss-prediction,9fb4ansn,3,impulse_noise,0.801350,0.500000,0.801350
full-data,1.0,loss-prediction,9fb4ansn,3,jpeg,0.707392,0.500000,0.707392
full-data,1.0,loss-prediction,9fb4ansn,3,motion_blur,0.773302,0.500000,0.773302
full-data,1.0,loss-prediction,9fb4ansn,3,pixelate,0.601765,0.500000,0.601765
full-data,1.0,loss-prediction,9fb4ansn,3,shot_noise,0.767284,0.500000,0.767284
full-data,1.0,loss-prediction,9fb4ansn,3,snow,0.683479,0.500000,0.683479
full-data,1.0,loss-prediction,9fb4ansn,3,zoom_blur,0.763166,0.500000,0.763166
full-data,1.0,loss-prediction,9fb4ansn,4,brightness,0.541540,0.500000,0.541540
full-data,1.0,loss-prediction,9fb4ansn,4,contrast,0.777592,0.500000,0.777592
full-data,1.0,loss-prediction,9fb4ansn,4,defocus_blur,0.754498,0.500000,0.754498
full-data,1.0,loss-prediction,9fb4ansn,4,elastic,0.764710,0.500000,0.764710
full-data,1.0,loss-prediction,9fb4ansn,4,fog,0.662525,0.500000,0.662525
full-data,1.0,loss-prediction,9fb4ansn,4,frost,0.716251,0.500000,0.716251
full-data,1.0,loss-prediction,9fb4ansn,4,frosted_glass_blur,0.859223,0.500000,0.859223
full-data,1.0,loss-prediction,9fb4ansn,4,gaussian_noise,0.846774,0.500000,0.846774
full-data,1.0,loss-prediction,9fb4ansn,4,impulse_noise,0.867776,0.500000,0.867776
full-data,1.0,loss-prediction,9fb4ansn,4,jpeg,0.728092,0.500000,0.728092
full-data,1.0,loss-prediction,9fb4ansn,4,motion_blur,0.773302,0.500000,0.773302
full-data,1.0,loss-prediction,9fb4ansn,4,pixelate,0.676428,0.500000,0.676428
full-data,1.0,loss-prediction,9fb4ansn,4,shot_noise,0.804571,0.500000,0.804571
full-data,1.0,loss-prediction,9fb4ansn,4,snow,0.699291,0.500000,0.699291
full-data,1.0,loss-prediction,9fb4ansn,4,zoom_blur,0.797099,0.500000,0.797099
full-data,1.0,loss-prediction,9fb4ansn,5,brightness,0.592648,0.500000,0.592648
full-data,1.0,loss-prediction,9fb4ansn,5,contrast,0.908832,0.500000,0.908832
full-data,1.0,loss-prediction,9fb4ansn,5,defocus_blur,0.856962,0.500000,0.856962
full-data,1.0,loss-prediction,9fb4ansn,5,elastic,0.781880,0.500000,0.781880
full-data,1.0,loss-prediction,9fb4ansn,5,fog,0.775818,0.500000,0.775818
full-data,1.0,loss-prediction,9fb4ansn,5,frost,0.770215,0.500000,0.770215
full-data,1.0,loss-prediction,9fb4ansn,5,frosted_glass_blur,0.844333,0.500000,0.844333
full-data,1.0,loss-prediction,9fb4ansn,5,gaussian_noise,0.869553,0.500000,0.869553
full-data,1.0,loss-prediction,9fb4ansn,5,impulse_noise,0.900613,0.500000,0.900613
full-data,1.0,loss-prediction,9fb4ansn,5,jpeg,0.751317,0.500000,0.751317
full-data,1.0,loss-prediction,9fb4ansn,5,motion_blur,0.816050,0.500000,0.816050
full-data,1.0,loss-prediction,9fb4ansn,5,pixelate,0.741810,0.500000,0.741810
full-data,1.0,loss-prediction,9fb4ansn,5,shot_noise,0.852609,0.500000,0.852609
full-data,1.0,loss-prediction,9fb4ansn,5,snow,0.731851,0.500000,0.731851
full-data,1.0,loss-prediction,9fb4ansn,5,zoom_blur,0.834125,0.500000,0.834125
full-data,1.0,het-xl,e6rpfaue,1,brightness,0.499403,0.501582,0.499413
full-data,1.0,het-xl,e6rpfaue,1,contrast,0.515227,0.512715,0.515223
full-data,1.0,het-xl,e6rpfaue,1,defocus_blur,0.514045,0.513832,0.514042
full-data,1.0,het-xl,e6rpfaue,1,elastic,0.660109,0.649451,0.660110
full-data,1.0,het-xl,e6rpfaue,1,fog,0.505629,0.505542,0.505621
full-data,1.0,het-xl,e6rpfaue,1,frost,0.582952,0.572175,0.582990
full-data,1.0,het-xl,e6rpfaue,1,frosted_glass_blur,0.826298,0.799975,0.826416
full-data,1.0,het-xl,e6rpfaue,1,gaussian_noise,0.722807,0.702228,0.722885
full-data,1.0,het-xl,e6rpfaue,1,impulse_noise,0.706811,0.686970,0.706866
full-data,1.0,het-xl,e6rpfaue,1,jpeg,0.693292,0.678584,0.693325
full-data,1.0,het-xl,e6rpfaue,1,motion_blur,0.632527,0.625649,0.632521
full-data,1.0,het-xl,e6rpfaue,1,pixelate,0.559068,0.552274,0.559101
full-data,1.0,het-xl,e6rpfaue,1,shot_noise,0.654361,0.637281,0.654416
full-data,1.0,het-xl,e6rpfaue,1,snow,0.605516,0.592825,0.605553
full-data,1.0,het-xl,e6rpfaue,1,zoom_blur,0.694964,0.689714,0.694952
full-data,1.0,het-xl,e6rpfaue,2,brightness,0.507201,0.508991,0.507206
full-data,1.0,het-xl,e6rpfaue,2,contrast,0.597783,0.588018,0.597773
full-data,1.0,het-xl,e6rpfaue,2,defocus_blur,0.576926,0.572063,0.576908
full-data,1.0,het-xl,e6rpfaue,2,elastic,0.666492,0.658748,0.666481
full-data,1.0,het-xl,e6rpfaue,2,fog,0.539572,0.533205,0.539571
full-data,1.0,het-xl,e6rpfaue,2,frost,0.649319,0.631500,0.649380
full-data,1.0,het-xl,e6rpfaue,2,frosted_glass_blur,0.823691,0.797277,0.823808
full-data,1.0,het-xl,e6rpfaue,2,gaussian_noise,0.809752,0.789093,0.809850
full-data,1.0,het-xl,e6rpfaue,2,impulse_noise,0.789492,0.768699,0.789575
full-data,1.0,het-xl,e6rpfaue,2,jpeg,0.769690,0.759020,0.769714
full-data,1.0,het-xl,e6rpfaue,2,motion_blur,0.723393,0.717902,0.723388
full-data,1.0,het-xl,e6rpfaue,2,pixelate,0.621370,0.604433,0.621424
full-data,1.0,het-xl,e6rpfaue,2,shot_noise,0.727648,0.706448,0.727727
full-data,1.0,het-xl,e6rpfaue,2,snow,0.708549,0.686404,0.708623
full-data,1.0,het-xl,e6rpfaue,2,zoom_blur,0.757435,0.754552,0.757431
full-data,1.0,het-xl,e6rpfaue,3,brightness,0.522790,0.521143,0.522799
full-data,1.0,het-xl,e6rpfaue,3,contrast,0.664968,0.657786,0.664963
full-data,1.0,het-xl,e6rpfaue,3,defocus_blur,0.709551,0.706632,0.709532
full-data,1.0,het-xl,e6rpfaue,3,elastic,0.741191,0.736522,0.741183
full-data,1.0,het-xl,e6rpfaue,3,fog,0.578705,0.567523,0.578705
full-data,1.0,het-xl,e6rpfaue,3,frost,0.719703,0.697645,0.719783
full-data,1.0,het-xl,e6rpfaue,3,frosted_glass_blur,0.817220,0.790979,0.817327
full-data,1.0,het-xl,e6rpfaue,3,gaussian_noise,0.846729,0.831561,0.846817
full-data,1.0,het-xl,e6rpfaue,3,impulse_noise,0.838910,0.819207,0.839001
full-data,1.0,het-xl,e6rpfaue,3,jpeg,0.790018,0.781871,0.790047
full-data,1.0,het-xl,e6rpfaue,3,motion_blur,0.789248,0.785992,0.789240
full-data,1.0,het-xl,e6rpfaue,3,pixelate,0.658579,0.641550,0.658652
full-data,1.0,het-xl,e6rpfaue,3,shot_noise,0.821220,0.803566,0.821311
full-data,1.0,het-xl,e6rpfaue,3,snow,0.687517,0.669570,0.687571
full-data,1.0,het-xl,e6rpfaue,3,zoom_blur,0.813007,0.813451,0.813001
full-data,1.0,het-xl,e6rpfaue,4,brightness,0.544642,0.539944,0.544655
full-data,1.0,het-xl,e6rpfaue,4,contrast,0.759067,0.755893,0.759041
full-data,1.0,het-xl,e6rpfaue,4,defocus_blur,0.807532,0.809003,0.807508
full-data,1.0,het-xl,e6rpfaue,4,elastic,0.787678,0.787566,0.787651
full-data,1.0,het-xl,e6rpfaue,4,fog,0.632494,0.620583,0.632491
full-data,1.0,het-xl,e6rpfaue,4,frost,0.727666,0.705237,0.727756
full-data,1.0,het-xl,e6rpfaue,4,frosted_glass_blur,0.852995,0.827024,0.853122
full-data,1.0,het-xl,e6rpfaue,4,gaussian_noise,0.858704,0.846800,0.858777
full-data,1.0,het-xl,e6rpfaue,4,impulse_noise,0.898603,0.887348,0.898678
full-data,1.0,het-xl,e6rpfaue,4,jpeg,0.810162,0.802480,0.810183
full-data,1.0,het-xl,e6rpfaue,4,motion_blur,0.789258,0.786618,0.789249
full-data,1.0,het-xl,e6rpfaue,4,pixelate,0.740038,0.717794,0.740143
full-data,1.0,het-xl,e6rpfaue,4,shot_noise,0.842375,0.827874,0.842460
full-data,1.0,het-xl,e6rpfaue,4,snow,0.704361,0.686070,0.704416
full-data,1.0,het-xl,e6rpfaue,4,zoom_blur,0.852963,0.854523,0.852949
full-data,1.0,het-xl,e6rpfaue,5,brightness,0.602018,0.590347,0.602046
full-data,1.0,het-xl,e6rpfaue,5,contrast,0.925063,0.934470,0.924961
full-data,1.0,het-xl,e6rpfaue,5,defocus_blur,0.907256,0.912603,0.907202
full-data,1.0,het-xl,e6rpfaue,5,elastic,0.798212,0.791600,0.798216
full-data,1.0,het-xl,e6rpfaue,5,fog,0.750314,0.746521,0.750312
full-data,1.0,het-xl,e6rpfaue,5,frost,0.776977,0.751820,0.777076
full-data,1.0,het-xl,e6rpfaue,5,frosted_glass_blur,0.849652,0.822650,0.849777
full-data,1.0,het-xl,e6rpfaue,5,gaussian_noise,0.869612,0.860598,0.869679
full-data,1.0,het-xl,e6rpfaue,5,impulse_noise,0.928540,0.923296,0.928587
full-data,1.0,het-xl,e6rpfaue,5,jpeg,0.835004,0.829466,0.835022
full-data,1.0,het-xl,e6rpfaue,5,motion_blur,0.836952,0.836941,0.836934
full-data,1.0,het-xl,e6rpfaue,5,pixelate,0.795442,0.770805,0.795564
full-data,1.0,het-xl,e6rpfaue,5,shot_noise,0.866237,0.856770,0.866306
full-data,1.0,het-xl,e6rpfaue,5,snow,0.740963,0.720328,0.741033
full-data,1.0,het-xl,e6rpfaue,5,zoom_blur,0.882600,0.885320,0.882576
full-data,1.0,sngp,jkzjb5vz,1,brightness,0.500286,0.499516,0.500286
full-data,1.0,sngp,jkzjb5vz,1,contrast,0.517618,0.512688,0.517643
full-data,1.0,sngp,jkzjb5vz,1,defocus_blur,0.505639,0.504617,0.505647
full-data,1.0,sngp,jkzjb5vz,1,elastic,0.637823,0.628807,0.637849
full-data,1.0,sngp,jkzjb5vz,1,fog,0.510263,0.507616,0.510279
full-data,1.0,sngp,jkzjb5vz,1,frost,0.616939,0.613086,0.616952
full-data,1.0,sngp,jkzjb5vz,1,frosted_glass_blur,0.886367,0.882035,0.886379
full-data,1.0,sngp,jkzjb5vz,1,gaussian_noise,0.757055,0.749921,0.757086
full-data,1.0,sngp,jkzjb5vz,1,impulse_noise,0.726769,0.737607,0.726695
full-data,1.0,sngp,jkzjb5vz,1,jpeg,0.685765,0.669861,0.685824
full-data,1.0,sngp,jkzjb5vz,1,motion_blur,0.620999,0.619163,0.621005
full-data,1.0,sngp,jkzjb5vz,1,pixelate,0.577695,0.571436,0.577722
full-data,1.0,sngp,jkzjb5vz,1,shot_noise,0.679256,0.674175,0.679276
full-data,1.0,sngp,jkzjb5vz,1,snow,0.602963,0.598526,0.602983
full-data,1.0,sngp,jkzjb5vz,1,zoom_blur,0.675408,0.669868,0.675432
full-data,1.0,sngp,jkzjb5vz,2,brightness,0.508480,0.507134,0.508490
full-data,1.0,sngp,jkzjb5vz,2,contrast,0.597518,0.583854,0.597571
full-data,1.0,sngp,jkzjb5vz,2,defocus_blur,0.547323,0.546047,0.547333
full-data,1.0,sngp,jkzjb5vz,2,elastic,0.639697,0.632020,0.639716
full-data,1.0,sngp,jkzjb5vz,2,fog,0.546009,0.537807,0.546043
full-data,1.0,sngp,jkzjb5vz,2,frost,0.691178,0.684834,0.691199
full-data,1.0,sngp,jkzjb5vz,2,frosted_glass_blur,0.880231,0.874098,0.880252
full-data,1.0,sngp,jkzjb5vz,2,gaussian_noise,0.857645,0.850498,0.857678
full-data,1.0,sngp,jkzjb5vz,2,impulse_noise,0.826936,0.842447,0.826785
full-data,1.0,sngp,jkzjb5vz,2,jpeg,0.756308,0.741659,0.756364
full-data,1.0,sngp,jkzjb5vz,2,motion_blur,0.721312,0.718751,0.721320
full-data,1.0,sngp,jkzjb5vz,2,pixelate,0.658130,0.651457,0.658160
full-data,1.0,sngp,jkzjb5vz,2,shot_noise,0.761505,0.753561,0.761535
full-data,1.0,sngp,jkzjb5vz,2,snow,0.731215,0.727745,0.731227
full-data,1.0,sngp,jkzjb5vz,2,zoom_blur,0.735481,0.735801,0.735463
full-data,1.0,sngp,jkzjb5vz,3,brightness,0.524271,0.522376,0.524287
full-data,1.0,sngp,jkzjb5vz,3,contrast,0.665206,0.648054,0.665266
full-data,1.0,sngp,jkzjb5vz,3,defocus_blur,0.671237,0.673975,0.671214
full-data,1.0,sngp,jkzjb5vz,3,elastic,0.712410,0.707004,0.712425
full-data,1.0,sngp,jkzjb5vz,3,fog,0.584773,0.571621,0.584818
full-data,1.0,sngp,jkzjb5vz,3,frost,0.770709,0.763984,0.770732
full-data,1.0,sngp,jkzjb5vz,3,frosted_glass_blur,0.873002,0.865278,0.873025
full-data,1.0,sngp,jkzjb5vz,3,gaussian_noise,0.908277,0.905541,0.908283
full-data,1.0,sngp,jkzjb5vz,3,impulse_noise,0.879291,0.894963,0.879131
full-data,1.0,sngp,jkzjb5vz,3,jpeg,0.776984,0.763231,0.777043
full-data,1.0,sngp,jkzjb5vz,3,motion_blur,0.798218,0.794819,0.798227
full-data,1.0,sngp,jkzjb5vz,3,pixelate,0.700422,0.693136,0.700451
full-data,1.0,sngp,jkzjb5vz,3,shot_noise,0.869905,0.862663,0.869940
full-data,1.0,sngp,jkzjb5vz,3,snow,0.693209,0.686866,0.693239
full-data,1.0,sngp,jkzjb5vz,3,zoom_blur,0.806855,0.812577,0.806792
full-data,1.0,sngp,jkzjb5vz,4,brightness,0.545756,0.541585,0.545771
full-data,1.0,sngp,jkzjb5vz,4,contrast,0.765541,0.748568,0.765608
full-data,1.0,sngp,jkzjb5vz,4,defocus_blur,0.794278,0.800034,0.794207
full-data,1.0,sngp,jkzjb5vz,4,elastic,0.766600,0.756344,0.766647
full-data,1.0,sngp,jkzjb5vz,4,fog,0.639330,0.623874,0.639381
full-data,1.0,sngp,jkzjb5vz,4,frost,0.781697,0.775681,0.781714
full-data,1.0,sngp,jkzjb5vz,4,frosted_glass_blur,0.909018,0.900766,0.909056
full-data,1.0,sngp,jkzjb5vz,4,gaussian_noise,0.923807,0.924050,0.923789
full-data,1.0,sngp,jkzjb5vz,4,impulse_noise,0.931934,0.946955,0.931765
full-data,1.0,sngp,jkzjb5vz,4,jpeg,0.797765,0.784301,0.797824
full-data,1.0,sngp,jkzjb5vz,4,motion_blur,0.798214,0.794860,0.798222
full-data,1.0,sngp,jkzjb5vz,4,pixelate,0.775035,0.774891,0.775027
full-data,1.0,sngp,jkzjb5vz,4,shot_noise,0.896915,0.891706,0.896935
full-data,1.0,sngp,jkzjb5vz,4,snow,0.715858,0.709790,0.715889
full-data,1.0,sngp,jkzjb5vz,4,zoom_blur,0.856252,0.866970,0.856118
full-data,1.0,sngp,jkzjb5vz,5,brightness,0.602015,0.594431,0.602044
full-data,1.0,sngp,jkzjb5vz,5,contrast,0.938949,0.927666,0.939003
full-data,1.0,sngp,jkzjb5vz,5,defocus_blur,0.928545,0.944992,0.928123
full-data,1.0,sngp,jkzjb5vz,5,elastic,0.801981,0.787632,0.802043
full-data,1.0,sngp,jkzjb5vz,5,fog,0.782267,0.769160,0.782319
full-data,1.0,sngp,jkzjb5vz,5,frost,0.834815,0.830578,0.834821
full-data,1.0,sngp,jkzjb5vz,5,frosted_glass_blur,0.903295,0.892682,0.903342
full-data,1.0,sngp,jkzjb5vz,5,gaussian_noise,0.935462,0.938908,0.935413
full-data,1.0,sngp,jkzjb5vz,5,impulse_noise,0.957405,0.972609,0.957184
full-data,1.0,sngp,jkzjb5vz,5,jpeg,0.821721,0.809740,0.821774
full-data,1.0,sngp,jkzjb5vz,5,motion_blur,0.851125,0.846783,0.851139
full-data,1.0,sngp,jkzjb5vz,5,pixelate,0.818991,0.823235,0.818949
full-data,1.0,sngp,jkzjb5vz,5,shot_noise,0.927645,0.927187,0.927627
full-data,1.0,sngp,jkzjb5vz,5,snow,0.768800,0.764429,0.768811
full-data,1.0,sngp,jkzjb5vz,5,zoom_blur,0.897118,0.911692,0.896896
full-data,1.0,shallow-ensemble,k6scvi1c,1,brightness,0.498961,0.491910,0.498961
full-data,1.0,shallow-ensemble,k6scvi1c,1,contrast,0.501907,0.494622,0.501906
full-data,1.0,shallow-ensemble,k6scvi1c,1,defocus_blur,0.503318,0.495037,0.503318
full-data,1.0,shallow-ensemble,k6scvi1c,1,elastic,0.601369,0.559529,0.601369
full-data,1.0,shallow-ensemble,k6scvi1c,1,fog,0.499592,0.491981,0.499593
full-data,1.0,shallow-ensemble,k6scvi1c,1,frost,0.571797,0.541874,0.571797
full-data,1.0,shallow-ensemble,k6scvi1c,1,frosted_glass_blur,0.829940,0.764566,0.829940
full-data,1.0,shallow-ensemble,k6scvi1c,1,gaussian_noise,0.686997,0.633557,0.686997
full-data,1.0,shallow-ensemble,k6scvi1c,1,impulse_noise,0.660453,0.645649,0.660453
full-data,1.0,shallow-ensemble,k6scvi1c,1,jpeg,0.639690,0.583941,0.639690
full-data,1.0,shallow-ensemble,k6scvi1c,1,motion_blur,0.584865,0.552316,0.584865
full-data,1.0,shallow-ensemble,k6scvi1c,1,pixelate,0.546347,0.526294,0.546347
full-data,1.0,shallow-ensemble,k6scvi1c,1,shot_noise,0.623665,0.572871,0.623666
full-data,1.0,shallow-ensemble,k6scvi1c,1,snow,0.559433,0.539578,0.559433
full-data,1.0,shallow-ensemble,k6scvi1c,1,zoom_blur,0.623565,0.578876,0.623565
full-data,1.0,shallow-ensemble,k6scvi1c,2,brightness,0.503314,0.503748,0.503315
full-data,1.0,shallow-ensemble,k6scvi1c,2,contrast,0.550977,0.523020,0.550975
full-data,1.0,shallow-ensemble,k6scvi1c,2,defocus_blur,0.527606,0.507780,0.527606
full-data,1.0,shallow-ensemble,k6scvi1c,2,elastic,0.602269,0.553667,0.602269
full-data,1.0,shallow-ensemble,k6scvi1c,2,fog,0.515927,0.506180,0.515927
full-data,1.0,shallow-ensemble,k6scvi1c,2,frost,0.632954,0.583109,0.632954
full-data,1.0,shallow-ensemble,k6scvi1c,2,frosted_glass_blur,0.821775,0.761718,0.821775
full-data,1.0,shallow-ensemble,k6scvi1c,2,gaussian_noise,0.787066,0.718279,0.787066
full-data,1.0,shallow-ensemble,k6scvi1c,2,impulse_noise,0.748446,0.738478,0.748446
full-data,1.0,shallow-ensemble,k6scvi1c,2,jpeg,0.714347,0.641409,0.714347
full-data,1.0,shallow-ensemble,k6scvi1c,2,motion_blur,0.661807,0.603734,0.661807
full-data,1.0,shallow-ensemble,k6scvi1c,2,pixelate,0.634437,0.579702,0.634437
full-data,1.0,shallow-ensemble,k6scvi1c,2,shot_noise,0.701881,0.636200,0.701881
full-data,1.0,shallow-ensemble,k6scvi1c,2,snow,0.664049,0.602265,0.664050
full-data,1.0,shallow-ensemble,k6scvi1c,2,zoom_blur,0.680196,0.612066,0.680196
full-data,1.0,shallow-ensemble,k6scvi1c,3,brightness,0.512640,0.503752,0.512641
full-data,1.0,shallow-ensemble,k6scvi1c,3,contrast,0.602266,0.552680,0.602267
full-data,1.0,shallow-ensemble,k6scvi1c,3,defocus_blur,0.609570,0.561750,0.609570
full-data,1.0,shallow-ensemble,k6scvi1c,3,elastic,0.658189,0.600248,0.658189
full-data,1.0,shallow-ensemble,k6scvi1c,3,fog,0.541274,0.522897,0.541274
full-data,1.0,shallow-ensemble,k6scvi1c,3,frost,0.708254,0.642599,0.708254
full-data,1.0,shallow-ensemble,k6scvi1c,3,frosted_glass_blur,0.820541,0.746514,0.820541
full-data,1.0,shallow-ensemble,k6scvi1c,3,gaussian_noise,0.841782,0.776200,0.841782
full-data,1.0,shallow-ensemble,k6scvi1c,3,impulse_noise,0.812452,0.801422,0.812452
full-data,1.0,shallow-ensemble,k6scvi1c,3,jpeg,0.742948,0.661809,0.742948
full-data,1.0,shallow-ensemble,k6scvi1c,3,motion_blur,0.730404,0.665437,0.730405
full-data,1.0,shallow-ensemble,k6scvi1c,3,pixelate,0.674843,0.610447,0.674843
full-data,1.0,shallow-ensemble,k6scvi1c,3,shot_noise,0.803503,0.725976,0.803503
full-data,1.0,shallow-ensemble,k6scvi1c,3,snow,0.637891,0.583784,0.637892
full-data,1.0,shallow-ensemble,k6scvi1c,3,zoom_blur,0.747632,0.680453,0.747632
full-data,1.0,shallow-ensemble,k6scvi1c,4,brightness,0.527804,0.515505,0.527804
full-data,1.0,shallow-ensemble,k6scvi1c,4,contrast,0.686715,0.612929,0.686714
full-data,1.0,shallow-ensemble,k6scvi1c,4,defocus_blur,0.728241,0.658610,0.728241
full-data,1.0,shallow-ensemble,k6scvi1c,4,elastic,0.730863,0.672578,0.730863
full-data,1.0,shallow-ensemble,k6scvi1c,4,fog,0.586557,0.549349,0.586557
full-data,1.0,shallow-ensemble,k6scvi1c,4,frost,0.719768,0.648288,0.719768
full-data,1.0,shallow-ensemble,k6scvi1c,4,frosted_glass_blur,0.864613,0.802673,0.864613
full-data,1.0,shallow-ensemble,k6scvi1c,4,gaussian_noise,0.861559,0.797396,0.861559
full-data,1.0,shallow-ensemble,k6scvi1c,4,impulse_noise,0.899293,0.886162,0.899292
full-data,1.0,shallow-ensemble,k6scvi1c,4,jpeg,0.769387,0.691540,0.769387
full-data,1.0,shallow-ensemble,k6scvi1c,4,motion_blur,0.730404,0.665437,0.730405
full-data,1.0,shallow-ensemble,k6scvi1c,4,pixelate,0.755779,0.677599,0.755780
full-data,1.0,shallow-ensemble,k6scvi1c,4,shot_noise,0.835875,0.767105,0.835875
full-data,1.0,shallow-ensemble,k6scvi1c,4,snow,0.661296,0.606890,0.661296
full-data,1.0,shallow-ensemble,k6scvi1c,4,zoom_blur,0.800289,0.731790,0.800289
full-data,1.0,shallow-ensemble,k6scvi1c,5,brightness,0.569432,0.536356,0.569433
full-data,1.0,shallow-ensemble,k6scvi1c,5,contrast,0.889764,0.825594,0.889764
full-data,1.0,shallow-ensemble,k6scvi1c,5,defocus_blur,0.892322,0.841793,0.892322
full-data,1.0,shallow-ensemble,k6scvi1c,5,elastic,0.774219,0.700651,0.774220
full-data,1.0,shallow-ensemble,k6scvi1c,5,fog,0.729089,0.658228,0.729090
full-data,1.0,shallow-ensemble,k6scvi1c,5,frost,0.775152,0.699676,0.775152
full-data,1.0,shallow-ensemble,k6scvi1c,5,frosted_glass_blur,0.863932,0.790473,0.863932
full-data,1.0,shallow-ensemble,k6scvi1c,5,gaussian_noise,0.879159,0.816862,0.879159
full-data,1.0,shallow-ensemble,k6scvi1c,5,impulse_noise,0.940976,0.925608,0.940976
full-data,1.0,shallow-ensemble,k6scvi1c,5,jpeg,0.795296,0.715197,0.795297
full-data,1.0,shallow-ensemble,k6scvi1c,5,motion_blur,0.785016,0.712917,0.785017
full-data,1.0,shallow-ensemble,k6scvi1c,5,pixelate,0.824784,0.736661,0.824784
full-data,1.0,shallow-ensemble,k6scvi1c,5,shot_noise,0.871143,0.811258,0.871143
full-data,1.0,shallow-ensemble,k6scvi1c,5,snow,0.709645,0.636503,0.709646
full-data,1.0,shallow-ensemble,k6scvi1c,5,zoom_blur,0.855859,0.803841,0.855859
full-data,1.0,het-xl,olapo0kg,1,brightness,0.497517,0.497414,0.497520
full-data,1.0,het-xl,olapo0kg,1,contrast,0.506335,0.506331,0.506336
full-data,1.0,het-xl,olapo0kg,1,defocus_blur,0.506371,0.506475,0.506368
full-data,1.0,het-xl,olapo0kg,1,elastic,0.600064,0.600050,0.600067
full-data,1.0,het-xl,olapo0kg,1,fog,0.500915,0.500967,0.500917
full-data,1.0,het-xl,olapo0kg,1,frost,0.569252,0.568951,0.569260
full-data,1.0,het-xl,olapo0kg,1,frosted_glass_blur,0.821357,0.819423,0.821402
full-data,1.0,het-xl,olapo0kg,1,gaussian_noise,0.674987,0.674556,0.675003
full-data,1.0,het-xl,olapo0kg,1,impulse_noise,0.609957,0.608482,0.609983
full-data,1.0,het-xl,olapo0kg,1,jpeg,0.616549,0.615956,0.616561
full-data,1.0,het-xl,olapo0kg,1,motion_blur,0.587933,0.588582,0.587925
full-data,1.0,het-xl,olapo0kg,1,pixelate,0.541607,0.540795,0.541617
full-data,1.0,het-xl,olapo0kg,1,shot_noise,0.614700,0.614615,0.614705
full-data,1.0,het-xl,olapo0kg,1,snow,0.554497,0.553794,0.554508
full-data,1.0,het-xl,olapo0kg,1,zoom_blur,0.644017,0.644596,0.644019
full-data,1.0,het-xl,olapo0kg,2,brightness,0.499140,0.498938,0.499142
full-data,1.0,het-xl,olapo0kg,2,contrast,0.556740,0.556645,0.556740
full-data,1.0,het-xl,olapo0kg,2,defocus_blur,0.536362,0.536611,0.536360
full-data,1.0,het-xl,olapo0kg,2,elastic,0.603249,0.603389,0.603251
full-data,1.0,het-xl,olapo0kg,2,fog,0.520680,0.520745,0.520681
full-data,1.0,het-xl,olapo0kg,2,frost,0.627471,0.626666,0.627484
full-data,1.0,het-xl,olapo0kg,2,frosted_glass_blur,0.814341,0.812346,0.814389
full-data,1.0,het-xl,olapo0kg,2,gaussian_noise,0.775096,0.774509,0.775112
full-data,1.0,het-xl,olapo0kg,2,impulse_noise,0.705073,0.702874,0.705117
full-data,1.0,het-xl,olapo0kg,2,jpeg,0.683669,0.682700,0.683690
full-data,1.0,het-xl,olapo0kg,2,motion_blur,0.674923,0.675341,0.674924
full-data,1.0,het-xl,olapo0kg,2,pixelate,0.619686,0.617777,0.619717
full-data,1.0,het-xl,olapo0kg,2,shot_noise,0.687175,0.686633,0.687189
full-data,1.0,het-xl,olapo0kg,2,snow,0.659499,0.658740,0.659514
full-data,1.0,het-xl,olapo0kg,2,zoom_blur,0.705974,0.706023,0.705987
full-data,1.0,het-xl,olapo0kg,3,brightness,0.506150,0.505766,0.506154
full-data,1.0,het-xl,olapo0kg,3,contrast,0.610758,0.610535,0.610764
full-data,1.0,het-xl,olapo0kg,3,defocus_blur,0.630526,0.630571,0.630528
full-data,1.0,het-xl,olapo0kg,3,elastic,0.662544,0.662719,0.662551
full-data,1.0,het-xl,olapo0kg,3,fog,0.546732,0.546805,0.546733
full-data,1.0,het-xl,olapo0kg,3,frost,0.706190,0.705211,0.706213
full-data,1.0,het-xl,olapo0kg,3,frosted_glass_blur,0.813919,0.812010,0.813965
full-data,1.0,het-xl,olapo0kg,3,gaussian_noise,0.836279,0.835611,0.836305
full-data,1.0,het-xl,olapo0kg,3,impulse_noise,0.779621,0.777130,0.779672
full-data,1.0,het-xl,olapo0kg,3,jpeg,0.710826,0.709503,0.710853
full-data,1.0,het-xl,olapo0kg,3,motion_blur,0.746573,0.746827,0.746577
full-data,1.0,het-xl,olapo0kg,3,pixelate,0.665544,0.662877,0.665590
full-data,1.0,het-xl,olapo0kg,3,shot_noise,0.795151,0.794012,0.795179
full-data,1.0,het-xl,olapo0kg,3,snow,0.628518,0.627518,0.628533
full-data,1.0,het-xl,olapo0kg,3,zoom_blur,0.774520,0.774278,0.774537
full-data,1.0,het-xl,olapo0kg,4,brightness,0.516869,0.516349,0.516874
full-data,1.0,het-xl,olapo0kg,4,contrast,0.701219,0.700612,0.701238
full-data,1.0,het-xl,olapo0kg,4,defocus_blur,0.754729,0.754652,0.754741
full-data,1.0,het-xl,olapo0kg,4,elastic,0.720862,0.721368,0.720868
full-data,1.0,het-xl,olapo0kg,4,fog,0.594002,0.593895,0.594006
full-data,1.0,het-xl,olapo0kg,4,frost,0.720469,0.719431,0.720494
full-data,1.0,het-xl,olapo0kg,4,frosted_glass_blur,0.853955,0.851558,0.854017
full-data,1.0,het-xl,olapo0kg,4,gaussian_noise,0.859659,0.858738,0.859691
full-data,1.0,het-xl,olapo0kg,4,impulse_noise,0.878461,0.875805,0.878525
full-data,1.0,het-xl,olapo0kg,4,jpeg,0.737242,0.735771,0.737271
full-data,1.0,het-xl,olapo0kg,4,motion_blur,0.746621,0.746770,0.746627
full-data,1.0,het-xl,olapo0kg,4,pixelate,0.757723,0.754639,0.757780
full-data,1.0,het-xl,olapo0kg,4,shot_noise,0.830121,0.828812,0.830159
full-data,1.0,het-xl,olapo0kg,4,snow,0.647072,0.646104,0.647093
full-data,1.0,het-xl,olapo0kg,4,zoom_blur,0.823379,0.822659,0.823408
full-data,1.0,het-xl,olapo0kg,5,brightness,0.552349,0.551822,0.552357
full-data,1.0,het-xl,olapo0kg,5,contrast,0.890704,0.888647,0.890762
full-data,1.0,het-xl,olapo0kg,5,defocus_blur,0.909267,0.907278,0.909323
full-data,1.0,het-xl,olapo0kg,5,elastic,0.761510,0.761003,0.761533
full-data,1.0,het-xl,olapo0kg,5,fog,0.738094,0.737925,0.738107
full-data,1.0,het-xl,olapo0kg,5,frost,0.781154,0.779780,0.781190
full-data,1.0,het-xl,olapo0kg,5,frosted_glass_blur,0.854414,0.851973,0.854471
full-data,1.0,het-xl,olapo0kg,5,gaussian_noise,0.880139,0.878947,0.880180
full-data,1.0,het-xl,olapo0kg,5,impulse_noise,0.925076,0.922672,0.925140
full-data,1.0,het-xl,olapo0kg,5,jpeg,0.766629,0.764959,0.766665
full-data,1.0,het-xl,olapo0kg,5,motion_blur,0.802137,0.801844,0.802152
full-data,1.0,het-xl,olapo0kg,5,pixelate,0.810102,0.806467,0.810168
full-data,1.0,het-xl,olapo0kg,5,shot_noise,0.870661,0.869188,0.870704
full-data,1.0,het-xl,olapo0kg,5,snow,0.703707,0.702898,0.703726
full-data,1.0,het-xl,olapo0kg,5,zoom_blur,0.874175,0.873021,0.874211
full-data,1.0,hetclassnn,pb3a6oru,1,brightness,0.500234,0.500928,0.500118
full-data,1.0,hetclassnn,pb3a6oru,1,contrast,0.514019,0.513624,0.513998
full-data,1.0,hetclassnn,pb3a6oru,1,defocus_blur,0.505572,0.505498,0.505501
full-data,1.0,hetclassnn,pb3a6oru,1,elastic,0.634281,0.633878,0.634007
full-data,1.0,hetclassnn,pb3a6oru,1,fog,0.506846,0.506655,0.506812
full-data,1.0,hetclassnn,pb3a6oru,1,frost,0.594536,0.597077,0.593688
full-data,1.0,hetclassnn,pb3a6oru,1,frosted_glass_blur,0.886125,0.885111,0.884828
full-data,1.0,hetclassnn,pb3a6oru,1,gaussian_noise,0.730551,0.731376,0.729607
full-data,1.0,hetclassnn,pb3a6oru,1,impulse_noise,0.725727,0.733457,0.722943
full-data,1.0,hetclassnn,pb3a6oru,1,jpeg,0.677235,0.678181,0.676759
full-data,1.0,hetclassnn,pb3a6oru,1,motion_blur,0.607440,0.608175,0.606895
full-data,1.0,hetclassnn,pb3a6oru,1,pixelate,0.555726,0.556969,0.555504
full-data,1.0,hetclassnn,pb3a6oru,1,shot_noise,0.654696,0.656382,0.653727
full-data,1.0,hetclassnn,pb3a6oru,1,snow,0.606724,0.610087,0.605763
full-data,1.0,hetclassnn,pb3a6oru,1,zoom_blur,0.661453,0.661510,0.660986
full-data,1.0,hetclassnn,pb3a6oru,2,brightness,0.507102,0.507603,0.507041
full-data,1.0,hetclassnn,pb3a6oru,2,contrast,0.591330,0.590275,0.591258
full-data,1.0,hetclassnn,pb3a6oru,2,defocus_blur,0.546067,0.546109,0.545820
full-data,1.0,hetclassnn,pb3a6oru,2,elastic,0.633947,0.633117,0.633712
full-data,1.0,hetclassnn,pb3a6oru,2,fog,0.538845,0.539226,0.538614
full-data,1.0,hetclassnn,pb3a6oru,2,frost,0.668791,0.671270,0.667565
full-data,1.0,hetclassnn,pb3a6oru,2,frosted_glass_blur,0.879930,0.878068,0.879198
full-data,1.0,hetclassnn,pb3a6oru,2,gaussian_noise,0.831385,0.828188,0.831239
full-data,1.0,hetclassnn,pb3a6oru,2,impulse_noise,0.832538,0.838852,0.829154
full-data,1.0,hetclassnn,pb3a6oru,2,jpeg,0.749005,0.750278,0.748219
full-data,1.0,hetclassnn,pb3a6oru,2,motion_blur,0.700661,0.701166,0.699950
full-data,1.0,hetclassnn,pb3a6oru,2,pixelate,0.619014,0.620162,0.618719
full-data,1.0,hetclassnn,pb3a6oru,2,shot_noise,0.740708,0.740577,0.740121
full-data,1.0,hetclassnn,pb3a6oru,2,snow,0.725706,0.730242,0.723547
full-data,1.0,hetclassnn,pb3a6oru,2,zoom_blur,0.709401,0.706945,0.709382
full-data,1.0,hetclassnn,pb3a6oru,3,brightness,0.521988,0.522780,0.521832
full-data,1.0,hetclassnn,pb3a6oru,3,contrast,0.655501,0.653682,0.655531
full-data,1.0,hetclassnn,pb3a6oru,3,defocus_blur,0.644987,0.644986,0.644356
full-data,1.0,hetclassnn,pb3a6oru,3,elastic,0.697052,0.696921,0.696441
full-data,1.0,hetclassnn,pb3a6oru,3,fog,0.575093,0.575267,0.574732
full-data,1.0,hetclassnn,pb3a6oru,3,frost,0.751928,0.753721,0.750482
full-data,1.0,hetclassnn,pb3a6oru,3,frosted_glass_blur,0.866312,0.862093,0.866530
full-data,1.0,hetclassnn,pb3a6oru,3,gaussian_noise,0.869427,0.859863,0.871309
full-data,1.0,hetclassnn,pb3a6oru,3,impulse_noise,0.895276,0.897997,0.892659
full-data,1.0,hetclassnn,pb3a6oru,3,jpeg,0.771101,0.772078,0.770469
full-data,1.0,hetclassnn,pb3a6oru,3,motion_blur,0.775927,0.774637,0.775540
full-data,1.0,hetclassnn,pb3a6oru,3,pixelate,0.658287,0.658666,0.658048
full-data,1.0,hetclassnn,pb3a6oru,3,shot_noise,0.844932,0.837992,0.845911
full-data,1.0,hetclassnn,pb3a6oru,3,snow,0.695135,0.699035,0.693617
full-data,1.0,hetclassnn,pb3a6oru,3,zoom_blur,0.767204,0.763140,0.767458
full-data,1.0,hetclassnn,pb3a6oru,4,brightness,0.541826,0.542521,0.541600
full-data,1.0,hetclassnn,pb3a6oru,4,contrast,0.746610,0.741802,0.747424
full-data,1.0,hetclassnn,pb3a6oru,4,defocus_blur,0.743815,0.741978,0.743491
full-data,1.0,hetclassnn,pb3a6oru,4,elastic,0.768831,0.770741,0.767507
full-data,1.0,hetclassnn,pb3a6oru,4,fog,0.629228,0.629698,0.628696
full-data,1.0,hetclassnn,pb3a6oru,4,frost,0.763546,0.765948,0.761819
full-data,1.0,hetclassnn,pb3a6oru,4,frosted_glass_blur,0.911036,0.908165,0.910235
full-data,1.0,hetclassnn,pb3a6oru,4,gaussian_noise,0.877466,0.864375,0.880546
full-data,1.0,hetclassnn,pb3a6oru,4,impulse_noise,0.950905,0.946876,0.950070
full-data,1.0,hetclassnn,pb3a6oru,4,jpeg,0.792202,0.793609,0.791047
full-data,1.0,hetclassnn,pb3a6oru,4,motion_blur,0.775831,0.774195,0.775519
full-data,1.0,hetclassnn,pb3a6oru,4,pixelate,0.747185,0.747927,0.746563
full-data,1.0,hetclassnn,pb3a6oru,4,shot_noise,0.869086,0.859017,0.871079
full-data,1.0,hetclassnn,pb3a6oru,4,snow,0.712363,0.716868,0.710641
full-data,1.0,hetclassnn,pb3a6oru,4,zoom_blur,0.805667,0.800031,0.806441
full-data,1.0,hetclassnn,pb3a6oru,5,brightness,0.594939,0.595874,0.594496
full-data,1.0,hetclassnn,pb3a6oru,5,contrast,0.916259,0.886915,0.922246
full-data,1.0,hetclassnn,pb3a6oru,5,defocus_blur,0.880949,0.870414,0.883084
full-data,1.0,hetclassnn,pb3a6oru,5,elastic,0.811608,0.813633,0.810154
full-data,1.0,hetclassnn,pb3a6oru,5,fog,0.772876,0.773320,0.771883
full-data,1.0,hetclassnn,pb3a6oru,5,frost,0.820205,0.821972,0.818189
full-data,1.0,hetclassnn,pb3a6oru,5,frosted_glass_blur,0.901977,0.896204,0.902296
full-data,1.0,hetclassnn,pb3a6oru,5,gaussian_noise,0.883171,0.866499,0.887510
full-data,1.0,hetclassnn,pb3a6oru,5,impulse_noise,0.963937,0.953778,0.964861
full-data,1.0,hetclassnn,pb3a6oru,5,jpeg,0.817661,0.818456,0.816684
full-data,1.0,hetclassnn,pb3a6oru,5,motion_blur,0.829978,0.825772,0.830328
full-data,1.0,hetclassnn,pb3a6oru,5,pixelate,0.822624,0.820985,0.822417
full-data,1.0,hetclassnn,pb3a6oru,5,shot_noise,0.888390,0.871548,0.892623
full-data,1.0,hetclassnn,pb3a6oru,5,snow,0.755129,0.758659,0.753079
full-data,1.0,hetclassnn,pb3a6oru,5,zoom_blur,0.851801,0.842635,0.853609
scarce-10pct,0.1,sngp,1692idyk,1,brightness,0.504235,0.506268,0.504067
scarce-10pct,0.1,sngp,1692idyk,1,contrast,0.524201,0.518300,0.524664
scarce-10pct,0.1,sngp,1692idyk,1,defocus_blur,0.513764,0.514743,0.513666
scarce-10pct,0.1,sngp,1692idyk,1,elastic,0.584625,0.586077,0.584474
scarce-10pct,0.1,sngp,1692idyk,1,fog,0.509605,0.503354,0.510083
scarce-10pct,0.1,sngp,1692idyk,1,frost,0.559286,0.562667,0.559087
scarce-10pct,0.1,sngp,1692idyk,1,frosted_glass_blur,0.650518,0.667704,0.648943
scarce-10pct,0.1,sngp,1692idyk,1,gaussian_noise,0.580964,0.585044,0.580635
scarce-10pct,0.1,sngp,1692idyk,1,impulse_noise,0.554394,0.549525,0.554782
scarce-10pct,0.1,sngp,1692idyk,1,jpeg,0.550326,0.545916,0.550660
scarce-10pct,0.1,sngp,1692idyk,1,motion_blur,0.589451,0.598973,0.588623
scarce-10pct,0.1,sngp,1692idyk,1,pixelate,0.525655,0.518452,0.526167
scarce-10pct,0.1,sngp,1692idyk,1,shot_noise,0.554927,0.557346,0.554796
scarce-10pct,0.1,sngp,1692idyk,1,snow,0.560602,0.560001,0.560678
scarce-10pct,0.1,sngp,1692idyk,1,zoom_blur,0.620490,0.632207,0.619453
scarce-10pct,0.1,sngp,1692idyk,2,brightness,0.516534,0.521654,0.516123
scarce-10pct,0.1,sngp,1692idyk,2,contrast,0.611323,0.603860,0.611916
scarce-10pct,0.1,sngp,1692idyk,2,defocus_blur,0.557753,0.564571,0.557212
scarce-10pct,0.1,sngp,1692idyk,2,elastic,0.589120,0.592226,0.588815
scarce-10pct,0.1,sngp,1692idyk,2,fog,0.547943,0.535683,0.548846
scarce-10pct,0.1,sngp,1692idyk,2,frost,0.615258,0.625290,0.614439
scarce-10pct,0.1,sngp,1692idyk,2,frosted_glass_blur,0.651651,0.666048,0.650330
scarce-10pct,0.1,sngp,1692idyk,2,gaussian_noise,0.628510,0.639208,0.627508
scarce-10pct,0.1,sngp,1692idyk,2,impulse_noise,0.609849,0.608517,0.609977
scarce-10pct,0.1,sngp,1692idyk,2,jpeg,0.583462,0.576261,0.583991
scarce-10pct,0.1,sngp,1692idyk,2,motion_blur,0.648763,0.664916,0.647293
scarce-10pct,0.1,sngp,1692idyk,2,pixelate,0.554270,0.542615,0.555074
scarce-10pct,0.1,sngp,1692idyk,2,shot_noise,0.590203,0.597131,0.589618
scarce-10pct,0.1,sngp,1692idyk,2,snow,0.637820,0.653222,0.636507
scarce-10pct,0.1,sngp,1692idyk,2,zoom_blur,0.644367,0.661792,0.642784
scarce-10pct,0.1,sngp,1692idyk,3,brightness,0.535357,0.543396,0.534623
scarce-10pct,0.1,sngp,1692idyk,3,contrast,0.663636,0.659580,0.663851
scarce-10pct,0.1,sngp,1692idyk,3,defocus_blur,0.620647,0.637260,0.619169
scarce-10pct,0.1,sngp,1692idyk,3,elastic,0.626318,0.634633,0.625591
scarce-10pct,0.1,sngp,1692idyk,3,fog,0.590834,0.576494,0.591934
scarce-10pct,0.1,sngp,1692idyk,3,frost,0.662423,0.680573,0.660751
scarce-10pct,0.1,sngp,1692idyk,3,frosted_glass_blur,0.648353,0.655536,0.647752
scarce-10pct,0.1,sngp,1692idyk,3,gaussian_noise,0.653518,0.670049,0.651704
scarce-10pct,0.1,sngp,1692idyk,3,impulse_noise,0.646964,0.651359,0.646543
scarce-10pct,0.1,sngp,1692idyk,3,jpeg,0.591239,0.583109,0.591812
scarce-10pct,0.1,sngp,1692idyk,3,motion_blur,0.687591,0.707377,0.685739
scarce-10pct,0.1,sngp,1692idyk,3,pixelate,0.567695,0.553717,0.568668
scarce-10pct,0.1,sngp,1692idyk,3,shot_noise,0.648182,0.663910,0.646446
scarce-10pct,0.1,sngp,1692idyk,3,snow,0.622863,0.631328,0.622251
scarce-10pct,0.1,sngp,1692idyk,3,zoom_blur,0.673302,0.694752,0.671303
scarce-10pct,0.1,sngp,1692idyk,4,brightness,0.559464,0.570664,0.558361
scarce-10pct,0.1,sngp,1692idyk,4,contrast,0.710426,0.717435,0.709608
scarce-10pct,0.1,sngp,1692idyk,4,defocus_blur,0.679983,0.707633,0.677231
scarce-10pct,0.1,sngp,1692idyk,4,elastic,0.652260,0.658488,0.651650
scarce-10pct,0.1,sngp,1692idyk,4,fog,0.640810,0.626269,0.641895
scarce-10pct,0.1,sngp,1692idyk,4,frost,0.662340,0.680374,0.660706
scarce-10pct,0.1,sngp,1692idyk,4,frosted_glass_blur,0.658987,0.683298,0.656620
scarce-10pct,0.1,sngp,1692idyk,4,gaussian_noise,0.660470,0.679761,0.658329
scarce-10pct,0.1,sngp,1692idyk,4,impulse_noise,0.682473,0.699310,0.680729
scarce-10pct,0.1,sngp,1692idyk,4,jpeg,0.603917,0.594901,0.604563
scarce-10pct,0.1,sngp,1692idyk,4,motion_blur,0.687611,0.707349,0.685738
scarce-10pct,0.1,sngp,1692idyk,4,pixelate,0.607864,0.593124,0.608889
scarce-10pct,0.1,sngp,1692idyk,4,shot_noise,0.664691,0.683728,0.662554
scarce-10pct,0.1,sngp,1692idyk,4,snow,0.641771,0.652434,0.640936
scarce-10pct,0.1,sngp,1692idyk,4,zoom_blur,0.692276,0.717583,0.689790
scarce-10pct,0.1,sngp,1692idyk,5,brightness,0.615512,0.634230,0.613398
scarce-10pct,0.1,sngp,1692idyk,5,contrast,0.810461,0.857809,0.803861
scarce-10pct,0.1,sngp,1692idyk,5,defocus_blur,0.741300,0.782890,0.736747
scarce-10pct,0.1,sngp,1692idyk,5,elastic,0.657235,0.656076,0.657260
scarce-10pct,0.1,sngp,1692idyk,5,fog,0.721224,0.713108,0.721843
scarce-10pct,0.1,sngp,1692idyk,5,frost,0.684331,0.708527,0.681929
scarce-10pct,0.1,sngp,1692idyk,5,frosted_glass_blur,0.662675,0.676362,0.661419
scarce-10pct,0.1,sngp,1692idyk,5,gaussian_noise,0.664278,0.685579,0.661810
scarce-10pct,0.1,sngp,1692idyk,5,impulse_noise,0.693500,0.720949,0.690508
scarce-10pct,0.1,sngp,1692idyk,5,jpeg,0.616778,0.607655,0.617449
scarce-10pct,0.1,sngp,1692idyk,5,motion_blur,0.711555,0.732382,0.709533
scarce-10pct,0.1,sngp,1692idyk,5,pixelate,0.646669,0.632047,0.647721
scarce-10pct,0.1,sngp,1692idyk,5,shot_noise,0.676794,0.699936,0.673968
scarce-10pct,0.1,sngp,1692idyk,5,snow,0.672464,0.691534,0.670757
scarce-10pct,0.1,sngp,1692idyk,5,zoom_blur,0.716527,0.745064,0.713604
scarce-10pct,0.1,edl,5lhhpt1y,1,brightness,0.507856,0.512753,0.485825
scarce-10pct,0.1,edl,5lhhpt1y,1,contrast,0.522497,0.524054,0.514486
scarce-10pct,0.1,edl,5lhhpt1y,1,defocus_blur,0.502153,0.504474,0.510991
scarce-10pct,0.1,edl,5lhhpt1y,1,elastic,0.528924,0.532460,0.543124
scarce-10pct,0.1,edl,5lhhpt1y,1,fog,0.521419,0.522959,0.500509
scarce-10pct,0.1,edl,5lhhpt1y,1,frost,0.549180,0.562517,0.447231
scarce-10pct,0.1,edl,5lhhpt1y,1,frosted_glass_blur,0.591801,0.585960,0.530151
scarce-10pct,0.1,edl,5lhhpt1y,1,gaussian_noise,0.516080,0.517335,0.502462
scarce-10pct,0.1,edl,5lhhpt1y,1,impulse_noise,0.521744,0.520573,0.498819
scarce-10pct,0.1,edl,5lhhpt1y,1,jpeg,0.516006,0.513861,0.507943
scarce-10pct,0.1,edl,5lhhpt1y,1,motion_blur,0.522837,0.529429,0.525146
scarce-10pct,0.1,edl,5lhhpt1y,1,pixelate,0.493064,0.488950,0.516420
scarce-10pct,0.1,edl,5lhhpt1y,1,shot_noise,0.511007,0.511564,0.499082
scarce-10pct,0.1,edl,5lhhpt1y,1,snow,0.532077,0.534411,0.493125
scarce-10pct,0.1,edl,5lhhpt1y,1,zoom_blur,0.529008,0.534629,0.573313
scarce-10pct,0.1,edl,5lhhpt1y,2,brightness,0.519250,0.528137,0.473932
scarce-10pct,0.1,edl,5lhhpt1y,2,contrast,0.579043,0.576807,0.570264
scarce-10pct,0.1,edl,5lhhpt1y,2,defocus_blur,0.511619,0.517354,0.534699
scarce-10pct,0.1,edl,5lhhpt1y,2,elastic,0.527720,0.532161,0.546707
scarce-10pct,0.1,edl,5lhhpt1y,2,fog,0.557030,0.557385,0.522246
scarce-10pct,0.1,edl,5lhhpt1y,2,frost,0.584922,0.600244,0.428431
scarce-10pct,0.1,edl,5lhhpt1y,2,frosted_glass_blur,0.593538,0.587090,0.534095
scarce-10pct,0.1,edl,5lhhpt1y,2,gaussian_noise,0.527577,0.528913,0.510727
scarce-10pct,0.1,edl,5lhhpt1y,2,impulse_noise,0.533663,0.530864,0.504591
scarce-10pct,0.1,edl,5lhhpt1y,2,jpeg,0.520114,0.517951,0.519089
scarce-10pct,0.1,edl,5lhhpt1y,2,motion_blur,0.540872,0.547824,0.543793
scarce-10pct,0.1,edl,5lhhpt1y,2,pixelate,0.492690,0.484899,0.527803
scarce-10pct,0.1,edl,5lhhpt1y,2,shot_noise,0.517899,0.517721,0.504064
scarce-10pct,0.1,edl,5lhhpt1y,2,snow,0.561264,0.563029,0.498399
scarce-10pct,0.1,edl,5lhhpt1y,2,zoom_blur,0.529162,0.536317,0.581458
scarce-10pct,0.1,edl,5lhhpt1y,3,brightness,0.534062,0.545503,0.466580
scarce-10pct,0.1,edl,5lhhpt1y,3,contrast,0.612447,0.607720,0.604944
scarce-10pct,0.1,edl,5lhhpt1y,3,defocus_blur,0.521298,0.528907,0.565997
scarce-10pct,0.1,edl,5lhhpt1y,3,elastic,0.535858,0.541947,0.563151
scarce-10pct,0.1,edl,5lhhpt1y,3,fog,0.587051,0.585729,0.542163
scarce-10pct,0.1,edl,5lhhpt1y,3,frost,0.618008,0.633270,0.423365
scarce-10pct,0.1,edl,5lhhpt1y,3,frosted_glass_blur,0.597303,0.596964,0.542498
scarce-10pct,0.1,edl,5lhhpt1y,3,gaussian_noise,0.538366,0.537105,0.515611
scarce-10pct,0.1,edl,5lhhpt1y,3,impulse_noise,0.543425,0.539021,0.504678
scarce-10pct,0.1,edl,5lhhpt1y,3,jpeg,0.522524,0.520320,0.524622
scarce-10pct,0.1,edl,5lhhpt1y,3,motion_blur,0.559009,0.564017,0.558689
scarce-10pct,0.1,edl,5lhhpt1y,3,pixelate,0.497566,0.493225,0.526322
scarce-10pct,0.1,edl,5lhhpt1y,3,shot_noise,0.527375,0.524690,0.516541
scarce-10pct,0.1,edl,5lhhpt1y,3,snow,0.569850,0.572108,0.510156
scarce-10pct,0.1,edl,5lhhpt1y,3,zoom_blur,0.536673,0.544649,0.597594
scarce-10pct,0.1,edl,5lhhpt1y,4,brightness,0.550251,0.563701,0.460341
scarce-10pct,0.1,edl,5lhhpt1y,4,contrast,0.656601,0.648603,0.634738
scarce-10pct,0.1,edl,5lhhpt1y,4,defocus_blur,0.524222,0.530759,0.600395
scarce-10pct,0.1,edl,5lhhpt1y,4,elastic,0.559749,0.567924,0.573899
scarce-10pct,0.1,edl,5lhhpt1y,4,fog,0.614715,0.614250,0.560744
scarce-10pct,0.1,edl,5lhhpt1y,4,frost,0.618863,0.635305,0.423408
scarce-10pct,0.1,edl,5lhhpt1y,4,frosted_glass_blur,0.636190,0.623431,0.541596
scarce-10pct,0.1,edl,5lhhpt1y,4,gaussian_noise,0.543630,0.539983,0.517811
scarce-10pct,0.1,edl,5lhhpt1y,4,impulse_noise,0.553754,0.543579,0.512949
scarce-10pct,0.1,edl,5lhhpt1y,4,jpeg,0.527737,0.524571,0.530258
scarce-10pct,0.1,edl,5lhhpt1y,4,motion_blur,0.559009,0.564017,0.558689
scarce-10pct,0.1,edl,5lhhpt1y,4,pixelate,0.499953,0.497995,0.521187
scarce-10pct,0.1,edl,5lhhpt1y,4,shot_noise,0.529056,0.524595,0.519759
scarce-10pct,0.1,edl,5lhhpt1y,4,snow,0.585180,0.592290,0.510358
scarce-10pct,0.1,edl,5lhhpt1y,4,zoom_blur,0.540715,0.549793,0.607771
scarce-10pct,0.1,edl,5lhhpt1y,5,brightness,0.587798,0.602324,0.456057
scarce-10pct,0.1,edl,5lhhpt1y,5,contrast,0.640675,0.631682,0.728433
scarce-10pct,0.1,edl,5lhhpt1y,5,defocus_blur,0.543097,0.549952,0.659646
scarce-10pct,0.1,edl,5lhhpt1y,5,elastic,0.598423,0.605163,0.569475
scarce-10pct,0.1,edl,5lhhpt1y,5,fog,0.651473,0.660288,0.593681
scarce-10pct,0.1,edl,5lhhpt1y,5,frost,0.643970,0.659355,0.423834
scarce-10pct,0.1,edl,5lhhpt1y,5,frosted_glass_blur,0.651792,0.645113,0.545403
scarce-10pct,0.1,edl,5lhhpt1y,5,gaussian_noise,0.545608,0.539549,0.521546
scarce-10pct,0.1,edl,5lhhpt1y,5,impulse_noise,0.550106,0.532842,0.528955
scarce-10pct,0.1,edl,5lhhpt1y,5,jpeg,0.532282,0.529451,0.538271
scarce-10pct,0.1,edl,5lhhpt1y,5,motion_blur,0.572779,0.574812,0.568201
scarce-10pct,0.1,edl,5lhhpt1y,5,pixelate,0.484259,0.467613,0.559332
scarce-10pct,0.1,edl,5lhhpt1y,5,shot_noise,0.531972,0.523949,0.521920
scarce-10pct,0.1,edl,5lhhpt1y,5,snow,0.599092,0.606355,0.501164
scarce-10pct,0.1,edl,5lhhpt1y,5,zoom_blur,0.549366,0.558557,0.625049
scarce-10pct,0.1,ddu,5w1yjrmj,1,brightness,0.500933,0.500000,0.500933
scarce-10pct,0.1,ddu,5w1yjrmj,1,contrast,0.521316,0.500000,0.521316
scarce-10pct,0.1,ddu,5w1yjrmj,1,defocus_blur,0.509336,0.500000,0.509336
scarce-10pct,0.1,ddu,5w1yjrmj,1,elastic,0.597643,0.500000,0.597643
scarce-10pct,0.1,ddu,5w1yjrmj,1,fog,0.512582,0.500000,0.512582
scarce-10pct,0.1,ddu,5w1yjrmj,1,frost,0.564570,0.500000,0.564570
scarce-10pct,0.1,ddu,5w1yjrmj,1,frosted_glass_blur,0.701774,0.500000,0.701774
scarce-10pct,0.1,ddu,5w1yjrmj,1,gaussian_noise,0.602246,0.500000,0.602246
scarce-10pct,0.1,ddu,5w1yjrmj,1,impulse_noise,0.578723,0.500000,0.578723
scarce-10pct,0.1,ddu,5w1yjrmj,1,jpeg,0.578114,0.500000,0.578114
scarce-10pct,0.1,ddu,5w1yjrmj,1,motion_blur,0.584446,0.500000,0.584446
scarce-10pct,0.1,ddu,5w1yjrmj,1,pixelate,0.548150,0.500000,0.548150
scarce-10pct,0.1,ddu,5w1yjrmj,1,shot_noise,0.568327,0.500000,0.568327
scarce-10pct,0.1,ddu,5w1yjrmj,1,snow,0.574216,0.500000,0.574216
scarce-10pct,0.1,ddu,5w1yjrmj,1,zoom_blur,0.619817,0.500000,0.619817
scarce-10pct,0.1,ddu,5w1yjrmj,2,brightness,0.508443,0.500000,0.508443
scarce-10pct,0.1,ddu,5w1yjrmj,2,contrast,0.602241,0.500000,0.602241
scarce-10pct,0.1,ddu,5w1yjrmj,2,defocus_blur,0.541354,0.500000,0.541354
scarce-10pct,0.1,ddu,5w1yjrmj,2,elastic,0.596939,0.500000,0.596939
scarce-10pct,0.1,ddu,5w1yjrmj,2,fog,0.551800,0.500000,0.551800
scarce-10pct,0.1,ddu,5w1yjrmj,2,frost,0.619858,0.500000,0.619858
scarce-10pct,0.1,ddu,5w1yjrmj,2,frosted_glass_blur,0.703077,0.500000,0.703077
scarce-10pct,0.1,ddu,5w1yjrmj,2,gaussian_noise,0.666839,0.500000,0.666839
scarce-10pct,0.1,ddu,5w1yjrmj,2,impulse_noise,0.651607,0.500000,0.651607
scarce-10pct,0.1,ddu,5w1yjrmj,2,jpeg,0.622308,0.500000,0.622308
scarce-10pct,0.1,ddu,5w1yjrmj,2,motion_blur,0.645820,0.500000,0.645820
scarce-10pct,0.1,ddu,5w1yjrmj,2,pixelate,0.603023,0.500000,0.603023
scarce-10pct,0.1,ddu,5w1yjrmj,2,shot_noise,0.611204,0.500000,0.611204
scarce-10pct,0.1,ddu,5w1yjrmj,2,snow,0.656490,0.500000,0.656490
scarce-10pct,0.1,ddu,5w1yjrmj,2,zoom_blur,0.640244,0.500000,0.640244
scarce-10pct,0.1,ddu,5w1yjrmj,3,brightness,0.522309,0.500000,0.522309
scarce-10pct,0.1,ddu,5w1yjrmj,3,contrast,0.657642,0.500000,0.657642
scarce-10pct,0.1,ddu,5w1yjrmj,3,defocus_blur,0.595495,0.500000,0.595495
scarce-10pct,0.1,ddu,5w1yjrmj,3,elastic,0.630531,0.500000,0.630531
scarce-10pct,0.1,ddu,5w1yjrmj,3,fog,0.591001,0.500000,0.591001
scarce-10pct,0.1,ddu,5w1yjrmj,3,frost,0.676459,0.500000,0.676459
scarce-10pct,0.1,ddu,5w1yjrmj,3,frosted_glass_blur,0.700559,0.500000,0.700559
scarce-10pct,0.1,ddu,5w1yjrmj,3,gaussian_noise,0.712576,0.500000,0.712576
scarce-10pct,0.1,ddu,5w1yjrmj,3,impulse_noise,0.707301,0.500000,0.707301
scarce-10pct,0.1,ddu,5w1yjrmj,3,jpeg,0.635395,0.500000,0.635395
scarce-10pct,0.1,ddu,5w1yjrmj,3,motion_blur,0.688791,0.500000,0.688791
scarce-10pct,0.1,ddu,5w1yjrmj,3,pixelate,0.623829,0.500000,0.623829
scarce-10pct,0.1,ddu,5w1yjrmj,3,shot_noise,0.678389,0.500000,0.678389
scarce-10pct,0.1,ddu,5w1yjrmj,3,snow,0.646781,0.500000,0.646781
scarce-10pct,0.1,ddu,5w1yjrmj,3,zoom_blur,0.675063,0.500000,0.675063
scarce-10pct,0.1,ddu,5w1yjrmj,4,brightness,0.542006,0.500000,0.542006
scarce-10pct,0.1,ddu,5w1yjrmj,4,contrast,0.725237,0.500000,0.725237
scarce-10pct,0.1,ddu,5w1yjrmj,4,defocus_blur,0.663440,0.500000,0.663440
scarce-10pct,0.1,ddu,5w1yjrmj,4,elastic,0.673121,0.500000,0.673121
scarce-10pct,0.1,ddu,5w1yjrmj,4,fog,0.637454,0.500000,0.637454
scarce-10pct,0.1,ddu,5w1yjrmj,4,frost,0.680956,0.500000,0.680956
scarce-10pct,0.1,ddu,5w1yjrmj,4,frosted_glass_blur,0.725873,0.500000,0.725873
scarce-10pct,0.1,ddu,5w1yjrmj,4,gaussian_noise,0.727748,0.500000,0.727748
scarce-10pct,0.1,ddu,5w1yjrmj,4,impulse_noise,0.767881,0.500000,0.767881
scarce-10pct,0.1,ddu,5w1yjrmj,4,jpeg,0.651454,0.500000,0.651454
scarce-10pct,0.1,ddu,5w1yjrmj,4,motion_blur,0.688791,0.500000,0.688791
scarce-10pct,0.1,ddu,5w1yjrmj,4,pixelate,0.682918,0.500000,0.682918
scarce-10pct,0.1,ddu,5w1yjrmj,4,shot_noise,0.703477,0.500000,0.703477
scarce-10pct,0.1,ddu,5w1yjrmj,4,snow,0.663748,0.500000,0.663748
scarce-10pct,0.1,ddu,5w1yjrmj,4,zoom_blur,0.695840,0.500000,0.695840
scarce-10pct,0.1,ddu,5w1yjrmj,5,brightness,0.590424,0.500000,0.590424
scarce-10pct,0.1,ddu,5w1yjrmj,5,contrast,0.820714,0.500000,0.820714
scarce-10pct,0.1,ddu,5w1yjrmj,5,defocus_blur,0.731856,0.500000,0.731856
scarce-10pct,0.1,ddu,5w1yjrmj,5,elastic,0.700156,0.500000,0.700156
scarce-10pct,0.1,ddu,5w1yjrmj,5,fog,0.729191,0.500000,0.729191
scarce-10pct,0.1,ddu,5w1yjrmj,5,frost,0.715007,0.500000,0.715007
scarce-10pct,0.1,ddu,5w1yjrmj,5,frosted_glass_blur,0.727590,0.500000,0.727590
scarce-10pct,0.1,ddu,5w1yjrmj,5,gaussian_noise,0.738864,0.500000,0.738864
scarce-10pct,0.1,ddu,5w1yjrmj,5,impulse_noise,0.791770,0.500000,0.791770
scarce-10pct,0.1,ddu,5w1yjrmj,5,jpeg,0.671635,0.500000,0.671635
scarce-10pct,0.1,ddu,5w1yjrmj,5,motion_blur,0.720224,0.500000,0.720224
scarce-10pct,0.1,ddu,5w1yjrmj,5,pixelate,0.716015,0.500000,0.716015
scarce-10pct,0.1,ddu,5w1yjrmj,5,shot_noise,0.730033,0.500000,0.730033
scarce-10pct,0.1,ddu,5w1yjrmj,5,snow,0.691819,0.500000,0.691819
scarce-10pct,0.1,ddu,5w1yjrmj,5,zoom_blur,0.726909,0.500000,0.726909
scarce-10pct,0.1,postnet,8ugac5sn,1,brightness,0.502224,0.502488,0.502213
scarce-10pct,0.1,postnet,8ugac5sn,1,contrast,0.507860,0.503394,0.507943
scarce-10pct,0.1,postnet,8ugac5sn,1,defocus_blur,0.503949,0.502274,0.503978
scarce-10pct,0.1,postnet,8ugac5sn,1,elastic,0.574147,0.555510,0.574438
scarce-10pct,0.1,postnet,8ugac5sn,1,fog,0.503514,0.501778,0.503560
scarce-10pct,0.1,postnet,8ugac5sn,1,frost,0.563685,0.559815,0.563767
scarce-10pct,0.1,postnet,8ugac5sn,1,frosted_glass_blur,0.693073,0.674173,0.693356
scarce-10pct,0.1,postnet,8ugac5sn,1,gaussian_noise,0.616043,0.611361,0.616160
scarce-10pct,0.1,postnet,8ugac5sn,1,impulse_noise,0.583510,0.576113,0.583602
scarce-10pct,0.1,postnet,8ugac5sn,1,jpeg,0.571629,0.555244,0.571870
scarce-10pct,0.1,postnet,8ugac5sn,1,motion_blur,0.570167,0.554042,0.570434
scarce-10pct,0.1,postnet,8ugac5sn,1,pixelate,0.538905,0.533266,0.538987
scarce-10pct,0.1,postnet,8ugac5sn,1,shot_noise,0.578492,0.574912,0.578585
scarce-10pct,0.1,postnet,8ugac5sn,1,snow,0.577575,0.568990,0.577688
scarce-10pct,0.1,postnet,8ugac5sn,1,zoom_blur,0.619599,0.599038,0.619922
scarce-10pct,0.1,postnet,8ugac5sn,2,brightness,0.508200,0.507333,0.508219
scarce-10pct,0.1,postnet,8ugac5sn,2,contrast,0.548973,0.526813,0.549322
scarce-10pct,0.1,postnet,8ugac5sn,2,defocus_blur,0.529686,0.521763,0.529834
scarce-10pct,0.1,postnet,8ugac5sn,2,elastic,0.575716,0.556839,0.576014
scarce-10pct,0.1,postnet,8ugac5sn,2,fog,0.517937,0.508445,0.518099
scarce-10pct,0.1,postnet,8ugac5sn,2,frost,0.613873,0.604315,0.614029
scarce-10pct,0.1,postnet,8ugac5sn,2,frosted_glass_blur,0.696487,0.676121,0.696761
scarce-10pct,0.1,postnet,8ugac5sn,2,gaussian_noise,0.674403,0.662716,0.674613
scarce-10pct,0.1,postnet,8ugac5sn,2,impulse_noise,0.646866,0.625055,0.647169
scarce-10pct,0.1,postnet,8ugac5sn,2,jpeg,0.612436,0.588541,0.612765
scarce-10pct,0.1,postnet,8ugac5sn,2,motion_blur,0.626811,0.597125,0.627257
scarce-10pct,0.1,postnet,8ugac5sn,2,pixelate,0.580934,0.565280,0.581134
scarce-10pct,0.1,postnet,8ugac5sn,2,shot_noise,0.622432,0.617215,0.622558
scarce-10pct,0.1,postnet,8ugac5sn,2,snow,0.651258,0.633995,0.651539
scarce-10pct,0.1,postnet,8ugac5sn,2,zoom_blur,0.646031,0.620865,0.646392
scarce-10pct,0.1,postnet,8ugac5sn,3,brightness,0.517824,0.514706,0.517872
scarce-10pct,0.1,postnet,8ugac5sn,3,contrast,0.589331,0.553441,0.589843
scarce-10pct,0.1,postnet,8ugac5sn,3,defocus_blur,0.591558,0.573393,0.591859
scarce-10pct,0.1,postnet,8ugac5sn,3,elastic,0.616651,0.593271,0.617000
scarce-10pct,0.1,postnet,8ugac5sn,3,fog,0.537739,0.520669,0.538010
scarce-10pct,0.1,postnet,8ugac5sn,3,frost,0.665160,0.650736,0.665409
scarce-10pct,0.1,postnet,8ugac5sn,3,frosted_glass_blur,0.705620,0.691983,0.705801
scarce-10pct,0.1,postnet,8ugac5sn,3,gaussian_noise,0.702578,0.682307,0.702893
scarce-10pct,0.1,postnet,8ugac5sn,3,impulse_noise,0.690978,0.657148,0.691410
scarce-10pct,0.1,postnet,8ugac5sn,3,jpeg,0.627383,0.602148,0.627744
scarce-10pct,0.1,postnet,8ugac5sn,3,motion_blur,0.669453,0.629209,0.670001
scarce-10pct,0.1,postnet,8ugac5sn,3,pixelate,0.603690,0.587691,0.603901
scarce-10pct,0.1,postnet,8ugac5sn,3,shot_noise,0.685067,0.673508,0.685317
scarce-10pct,0.1,postnet,8ugac5sn,3,snow,0.634624,0.616002,0.634884
scarce-10pct,0.1,postnet,8ugac5sn,3,zoom_blur,0.685535,0.653169,0.685961
scarce-10pct,0.1,postnet,8ugac5sn,4,brightness,0.530298,0.524517,0.530385
scarce-10pct,0.1,postnet,8ugac5sn,4,contrast,0.652097,0.596557,0.652793
scarce-10pct,0.1,postnet,8ugac5sn,4,defocus_blur,0.673937,0.640200,0.674406
scarce-10pct,0.1,postnet,8ugac5sn,4,elastic,0.663517,0.641557,0.663806
scarce-10pct,0.1,postnet,8ugac5sn,4,fog,0.571632,0.546978,0.572014
scarce-10pct,0.1,postnet,8ugac5sn,4,frost,0.671074,0.658174,0.671308
scarce-10pct,0.1,postnet,8ugac5sn,4,frosted_glass_blur,0.698791,0.669878,0.699178
scarce-10pct,0.1,postnet,8ugac5sn,4,gaussian_noise,0.704003,0.678997,0.704367
scarce-10pct,0.1,postnet,8ugac5sn,4,impulse_noise,0.742013,0.696913,0.742528
scarce-10pct,0.1,postnet,8ugac5sn,4,jpeg,0.638340,0.609938,0.638733
scarce-10pct,0.1,postnet,8ugac5sn,4,motion_blur,0.669453,0.629209,0.670001
scarce-10pct,0.1,postnet,8ugac5sn,4,pixelate,0.653172,0.633927,0.653397
scarce-10pct,0.1,postnet,8ugac5sn,4,shot_noise,0.700561,0.683845,0.700841
scarce-10pct,0.1,postnet,8ugac5sn,4,snow,0.646360,0.627850,0.646627
scarce-10pct,0.1,postnet,8ugac5sn,4,zoom_blur,0.708276,0.669664,0.708754
scarce-10pct,0.1,postnet,8ugac5sn,5,brightness,0.562471,0.549096,0.562684
scarce-10pct,0.1,postnet,8ugac5sn,5,contrast,0.783569,0.699649,0.784349
scarce-10pct,0.1,postnet,8ugac5sn,5,defocus_blur,0.737549,0.688058,0.738133
scarce-10pct,0.1,postnet,8ugac5sn,5,elastic,0.675753,0.655435,0.676029
scarce-10pct,0.1,postnet,8ugac5sn,5,fog,0.671396,0.637735,0.671845
scarce-10pct,0.1,postnet,8ugac5sn,5,frost,0.704611,0.688643,0.704875
scarce-10pct,0.1,postnet,8ugac5sn,5,frosted_glass_blur,0.713401,0.694464,0.713667
scarce-10pct,0.1,postnet,8ugac5sn,5,gaussian_noise,0.699807,0.669983,0.700232
scarce-10pct,0.1,postnet,8ugac5sn,5,impulse_noise,0.736592,0.686964,0.737161
scarce-10pct,0.1,postnet,8ugac5sn,5,jpeg,0.655425,0.623942,0.655840
scarce-10pct,0.1,postnet,8ugac5sn,5,motion_blur,0.698395,0.650634,0.698998
scarce-10pct,0.1,postnet,8ugac5sn,5,pixelate,0.687402,0.662466,0.687671
scarce-10pct,0.1,postnet,8ugac5sn,5,shot_noise,0.713147,0.688956,0.713518
scarce-10pct,0.1,postnet,8ugac5sn,5,snow,0.677212,0.655291,0.677533
scarce-10pct,0.1,postnet,8ugac5sn,5,zoom_blur,0.737267,0.691225,0.737804
scarce-10pct,0.1,loss-prediction,9fb4ansn,1,brightness,0.496797,0.500000,0.496797
scarce-10pct,0.1,loss-prediction,9fb4ansn,1,contrast,0.533272,0.500000,0.533272
scarce-10pct,0.1,loss-prediction,9fb4ansn,1,defocus_blur,0.516371,0.500000,0.516371
scarce-10pct,0.1,loss-prediction,9fb4ansn,1,elastic,0.580591,0.500000,0.580591
scarce-10pct,0.1,loss-prediction,9fb4ansn,1,fog,0.521660,0.500000,0.521660
scarce-10pct,0.1,loss-prediction,9fb4ansn,1,frost,0.521811,0.500000,0.521811
scarce-10pct,0.1,loss-prediction,9fb4ansn,1,frosted_glass_blur,0.547443,0.500000,0.547443
scarce-10pct,0.1,loss-prediction,9fb4ansn,1,gaussian_noise,0.530550,0.500000,0.530550
scarce-10pct,0.1,loss-prediction,9fb4ansn,1,impulse_noise,0.521405,0.500000,0.521405
scarce-10pct,0.1,loss-prediction,9fb4ansn,1,jpeg,0.519186,0.500000,0.519186
scarce-10pct,0.1,loss-prediction,9fb4ansn,1,motion_blur,0.579831,0.500000,0.579831
scarce-10pct,0.1,loss-prediction,9fb4ansn,1,pixelate,0.514248,0.500000,0.514248
scarce-10pct,0.1,loss-prediction,9fb4ansn,1,shot_noise,0.517248,0.500000,0.517248
scarce-10pct,0.1,loss-prediction,9fb4ansn,1,snow,0.517608,0.500000,0.517608
scarce-10pct,0.1,loss-prediction,9fb4ansn,1,zoom_blur,0.616999,0.500000,0.616999
scarce-10pct,0.1,loss-prediction,9fb4ansn,2,brightness,0.497920,0.500000,0.497920
scarce-10pct,0.1,loss-prediction,9fb4ansn,2,contrast,0.636508,0.500000,0.636508
scarce-10pct,0.1,loss-prediction,9fb4ansn,2,defocus_blur,0.558374,0.500000,0.558374
scarce-10pct,0.1,loss-prediction,9fb4ansn,2,elastic,0.585618,0.500000,0.585618
scarce-10pct,0.1,loss-prediction,9fb4ansn,2,fog,0.578862,0.500000,0.578862
scarce-10pct,0.1,loss-prediction,9fb4ansn,2,frost,0.548182,0.500000,0.548182
scarce-10pct,0.1,loss-prediction,9fb4ansn,2,frosted_glass_blur,0.552168,0.500000,0.552168
scarce-10pct,0.1,loss-prediction,9fb4ansn,2,gaussian_noise,0.552381,0.500000,0.552381
scarce-10pct,0.1,loss-prediction,9fb4ansn,2,impulse_noise,0.542741,0.500000,0.542741
scarce-10pct,0.1,loss-prediction,9fb4ansn,2,jpeg,0.541350,0.500000,0.541350
scarce-10pct,0.1,loss-prediction,9fb4ansn,2,motion_blur,0.617440,0.500000,0.617440
scarce-10pct,0.1,loss-prediction,9fb4ansn,2,pixelate,0.531542,0.500000,0.531542
scarce-10pct,0.1,loss-prediction,9fb4ansn,2,shot_noise,0.533676,0.500000,0.533676
scarce-10pct,0.1,loss-prediction,9fb4ansn,2,snow,0.551707,0.500000,0.551707
scarce-10pct,0.1,loss-prediction,9fb4ansn,2,zoom_blur,0.631453,0.500000,0.631453
scarce-10pct,0.1,loss-prediction,9fb4ansn,3,brightness,0.503260,0.500000,0.503260
scarce-10pct,0.1,loss-prediction,9fb4ansn,3,contrast,0.694725,0.500000,0.694725
scarce-10pct,0.1,loss-prediction,9fb4ansn,3,defocus_blur,0.612929,0.500000,0.612929
scarce-10pct,0.1,loss-prediction,9fb4ansn,3,elastic,0.615633,0.500000,0.615633
scarce-10pct,0.1,loss-prediction,9fb4ansn,3,fog,0.633267,0.500000,0.633267
scarce-10pct,0.1,loss-prediction,9fb4ansn,3,frost,0.577315,0.500000,0.577315
scarce-10pct,0.1,loss-prediction,9fb4ansn,3,frosted_glass_blur,0.575489,0.500000,0.575489
scarce-10pct,0.1,loss-prediction,9fb4ansn,3,gaussian_noise,0.552046,0.500000,0.552046
scarce-10pct,0.1,loss-prediction,9fb4ansn,3,impulse_noise,0.556904,0.500000,0.556904
scarce-10pct,0.1,loss-prediction,9fb4ansn,3,jpeg,0.550003,0.500000,0.550003
scarce-10pct,0.1,loss-prediction,9fb4ansn,3,motion_blur,0.635321,0.500000,0.635321
scarce-10pct,0.1,loss-prediction,9fb4ansn,3,pixelate,0.532980,0.500000,0.532980
scarce-10pct,0.1,loss-prediction,9fb4ansn,3,shot_noise,0.553433,0.500000,0.553433
scarce-10pct,0.1,loss-prediction,9fb4ansn,3,snow,0.554660,0.500000,0.554660
scarce-10pct,0.1,loss-prediction,9fb4ansn,3,zoom_blur,0.649905,0.500000,0.649905
scarce-10pct,0.1,loss-prediction,9fb4ansn,4,brightness,0.512957,0.500000,0.512957
scarce-10pct,0.1,loss-prediction,9fb4ansn,4,contrast,0.750666,0.500000,0.750666
scarce-10pct,0.1,loss-prediction,9fb4ansn,4,defocus_blur,0.656006,0.500000,0.656006
scarce-10pct,0.1,loss-prediction,9fb4ansn,4,elastic,0.633201,0.500000,0.633201
scarce-10pct,0.1,loss-prediction,9fb4ansn,4,fog,0.683369,0.500000,0.683369
scarce-10pct,0.1,loss-prediction,9fb4ansn,4,frost,0.580353,0.500000,0.580353
scarce-10pct,0.1,loss-prediction,9fb4ansn,4,frosted_glass_blur,0.529855,0.500000,0.529855
scarce-10pct,0.1,loss-prediction,9fb4ansn,4,gaussian_noise,0.543976,0.500000,0.543976
scarce-10pct,0.1,loss-prediction,9fb4ansn,4,impulse_noise,0.550001,0.500000,0.550001
scarce-10pct,0.1,loss-prediction,9fb4ansn,4,jpeg,0.557572,0.500000,0.557572
scarce-10pct,0.1,loss-prediction,9fb4ansn,4,motion_blur,0.635321,0.500000,0.635321
scarce-10pct,0.1,loss-prediction,9fb4ansn,4,pixelate,0.549506,0.500000,0.549506
scarce-10pct,0.1,loss-prediction,9fb4ansn,4,shot_noise,0.552244,0.500000,0.552244
scarce-10pct,0.1,loss-prediction,9fb4ansn,4,snow,0.579361,0.500000,0.579361
scarce-10pct,0.1,loss-prediction,9fb4ansn,4,zoom_blur,0.658029,0.500000,0.658029
scarce-10pct,0.1,loss-prediction,9fb4ansn,5,brightness,0.542441,0.500000,0.542441
scarce-10pct,0.1,loss-prediction,9fb4ansn,5,contrast,0.763762,0.500000,0.763762
scarce-10pct,0.1,loss-prediction,9fb4ansn,5,defocus_blur,0.699643,0.500000,0.699643
scarce-10pct,0.1,loss-prediction,9fb4ansn,5,elastic,0.628228,0.500000,0.628228
scarce-10pct,0.1,loss-prediction,9fb4ansn,5,fog,0.751945,0.500000,0.751945
scarce-10pct,0.1,loss-prediction,9fb4ansn,5,frost,0.597740,0.500000,0.597740
scarce-10pct,0.1,loss-prediction,9fb4ansn,5,frosted_glass_blur,0.557231,0.500000,0.557231
scarce-10pct,0.1,loss-prediction,9fb4ansn,5,gaussian_noise,0.532960,0.500000,0.532960
scarce-10pct,0.1,loss-prediction,9fb4ansn,5,impulse_noise,0.525786,0.500000,0.525786
scarce-10pct,0.1,loss-prediction,9fb4ansn,5,jpeg,0.569486,0.500000,0.569486
scarce-10pct,0.1,loss-prediction,9fb4ansn,5,motion_blur,0.647682,0.500000,0.647682
scarce-10pct,0.1,loss-prediction,9fb4ansn,5,pixelate,0.573954,0.500000,0.573954
scarce-10pct,0.1,loss-prediction,9fb4ansn,5,shot_noise,0.543581,0.500000,0.543581
scarce-10pct,0.1,loss-prediction,9fb4ansn,5,snow,0.590877,0.500000,0.590877
scarce-10pct,0.1,loss-prediction,9fb4ansn,5,zoom_blur,0.669025,0.500000,0.669025
scarce-10pct,0.1,het-xl,e6rpfaue,1,brightness,0.501712,0.502524,0.501655
scarce-10pct,0.1,het-xl,e6rpfaue,1,contrast,0.530355,0.527633,0.530396
scarce-10pct,0.1,het-xl,e6rpfaue,1,defocus_blur,0.511820,0.511599,0.511781
scarce-10pct,0.1,het-xl,e6rpfaue,1,elastic,0.594327,0.592025,0.594210
scarce-10pct,0.1,het-xl,e6rpfaue,1,fog,0.515567,0.512836,0.515653
scarce-10pct,0.1,het-xl,e6rpfaue,1,frost,0.543031,0.541476,0.542979
scarce-10pct,0.1,het-xl,e6rpfaue,1,frosted_glass_blur,0.669621,0.675608,0.669197
scarce-10pct,0.1,het-xl,e6rpfaue,1,gaussian_noise,0.576189,0.573934,0.576172
scarce-10pct,0.1,het-xl,e6rpfaue,1,impulse_noise,0.558885,0.553797,0.559018
scarce-10pct,0.1,het-xl,e6rpfaue,1,jpeg,0.551082,0.549196,0.551079
scarce-10pct,0.1,het-xl,e6rpfaue,1,motion_blur,0.590367,0.593802,0.590091
scarce-10pct,0.1,het-xl,e6rpfaue,1,pixelate,0.529652,0.525075,0.529787
scarce-10pct,0.1,het-xl,e6rpfaue,1,shot_noise,0.547234,0.545338,0.547249
scarce-10pct,0.1,het-xl,e6rpfaue,1,snow,0.557496,0.554230,0.557525
scarce-10pct,0.1,het-xl,e6rpfaue,1,zoom_blur,0.617137,0.621013,0.616673
scarce-10pct,0.1,het-xl,e6rpfaue,2,brightness,0.509695,0.511063,0.509549
scarce-10pct,0.1,het-xl,e6rpfaue,2,contrast,0.626249,0.618690,0.626485
scarce-10pct,0.1,het-xl,e6rpfaue,2,defocus_blur,0.551678,0.551966,0.551488
scarce-10pct,0.1,het-xl,e6rpfaue,2,elastic,0.595546,0.594075,0.595361
scarce-10pct,0.1,het-xl,e6rpfaue,2,fog,0.563321,0.555241,0.563589
scarce-10pct,0.1,het-xl,e6rpfaue,2,frost,0.591132,0.589868,0.591038
scarce-10pct,0.1,het-xl,e6rpfaue,2,frosted_glass_blur,0.671409,0.675860,0.671053
scarce-10pct,0.1,het-xl,e6rpfaue,2,gaussian_noise,0.637653,0.638129,0.637507
scarce-10pct,0.1,het-xl,e6rpfaue,2,impulse_noise,0.615636,0.610252,0.615816
scarce-10pct,0.1,het-xl,e6rpfaue,2,jpeg,0.587156,0.584442,0.587167
scarce-10pct,0.1,het-xl,e6rpfaue,2,motion_blur,0.652259,0.658995,0.651677
scarce-10pct,0.1,het-xl,e6rpfaue,2,pixelate,0.566055,0.558233,0.566257
scarce-10pct,0.1,het-xl,e6rpfaue,2,shot_noise,0.585737,0.583945,0.585763
scarce-10pct,0.1,het-xl,e6rpfaue,2,snow,0.630444,0.636326,0.629977
scarce-10pct,0.1,het-xl,e6rpfaue,2,zoom_blur,0.636148,0.640474,0.635631
scarce-10pct,0.1,het-xl,e6rpfaue,3,brightness,0.524021,0.525690,0.523820
scarce-10pct,0.1,het-xl,e6rpfaue,3,contrast,0.686832,0.677858,0.687225
scarce-10pct,0.1,het-xl,e6rpfaue,3,defocus_blur,0.608367,0.612510,0.607923
scarce-10pct,0.1,het-xl,e6rpfaue,3,elastic,0.628602,0.629302,0.628317
scarce-10pct,0.1,het-xl,e6rpfaue,3,fog,0.610940,0.599820,0.611312
scarce-10pct,0.1,het-xl,e6rpfaue,3,frost,0.642936,0.641374,0.642843
scarce-10pct,0.1,het-xl,e6rpfaue,3,frosted_glass_blur,0.671305,0.672953,0.671043
scarce-10pct,0.1,het-xl,e6rpfaue,3,gaussian_noise,0.676775,0.678834,0.676468
scarce-10pct,0.1,het-xl,e6rpfaue,3,impulse_noise,0.666865,0.661598,0.666961
scarce-10pct,0.1,het-xl,e6rpfaue,3,jpeg,0.600339,0.595798,0.600400
scarce-10pct,0.1,het-xl,e6rpfaue,3,motion_blur,0.692585,0.701685,0.691832
scarce-10pct,0.1,het-xl,e6rpfaue,3,pixelate,0.577882,0.568941,0.578148
scarce-10pct,0.1,het-xl,e6rpfaue,3,shot_noise,0.654973,0.655000,0.654844
scarce-10pct,0.1,het-xl,e6rpfaue,3,snow,0.624979,0.629897,0.624460
scarce-10pct,0.1,het-xl,e6rpfaue,3,zoom_blur,0.664992,0.670738,0.664407
scarce-10pct,0.1,het-xl,e6rpfaue,4,brightness,0.543294,0.544086,0.543023
scarce-10pct,0.1,het-xl,e6rpfaue,4,contrast,0.752111,0.741544,0.752643
scarce-10pct,0.1,het-xl,e6rpfaue,4,defocus_blur,0.664530,0.672421,0.663768
scarce-10pct,0.1,het-xl,e6rpfaue,4,elastic,0.662630,0.663669,0.662359
scarce-10pct,0.1,het-xl,e6rpfaue,4,fog,0.662729,0.650258,0.663321
scarce-10pct,0.1,het-xl,e6rpfaue,4,frost,0.645899,0.644267,0.645854
scarce-10pct,0.1,het-xl,e6rpfaue,4,frosted_glass_blur,0.674033,0.683102,0.673368
scarce-10pct,0.1,het-xl,e6rpfaue,4,gaussian_noise,0.688074,0.692730,0.687675
scarce-10pct,0.1,het-xl,e6rpfaue,4,impulse_noise,0.719851,0.721373,0.719567
scarce-10pct,0.1,het-xl,e6rpfaue,4,jpeg,0.613342,0.608131,0.613406
scarce-10pct,0.1,het-xl,e6rpfaue,4,motion_blur,0.692597,0.701843,0.691843
scarce-10pct,0.1,het-xl,e6rpfaue,4,pixelate,0.625869,0.613009,0.626283
scarce-10pct,0.1,het-xl,e6rpfaue,4,shot_noise,0.675710,0.677221,0.675527
scarce-10pct,0.1,het-xl,e6rpfaue,4,snow,0.642920,0.647564,0.642338
scarce-10pct,0.1,het-xl,e6rpfaue,4,zoom_blur,0.684208,0.689305,0.683630
scarce-10pct,0.1,het-xl,e6rpfaue,5,brightness,0.592174,0.593278,0.591858
scarce-10pct,0.1,het-xl,e6rpfaue,5,contrast,0.828825,0.821160,0.829482
scarce-10pct,0.1,het-xl,e6rpfaue,5,defocus_blur,0.724780,0.740161,0.723607
scarce-10pct,0.1,het-xl,e6rpfaue,5,elastic,0.677238,0.676786,0.677108
scarce-10pct,0.1,het-xl,e6rpfaue,5,fog,0.744977,0.732169,0.745573
scarce-10pct,0.1,het-xl,e6rpfaue,5,frost,0.674508,0.672325,0.674498
scarce-10pct,0.1,het-xl,e6rpfaue,5,frosted_glass_blur,0.692872,0.696997,0.692459
scarce-10pct,0.1,het-xl,e6rpfaue,5,gaussian_noise,0.694620,0.701408,0.694069
scarce-10pct,0.1,het-xl,e6rpfaue,5,impulse_noise,0.716197,0.726644,0.715463
scarce-10pct,0.1,het-xl,e6rpfaue,5,jpeg,0.629077,0.623563,0.629112
scarce-10pct,0.1,het-xl,e6rpfaue,5,motion_blur,0.717252,0.727673,0.716471
scarce-10pct,0.1,het-xl,e6rpfaue,5,pixelate,0.664795,0.648281,0.665307
scarce-10pct,0.1,het-xl,e6rpfaue,5,shot_noise,0.694650,0.699732,0.694237
scarce-10pct,0.1,het-xl,e6rpfaue,5,snow,0.669508,0.675130,0.668775
scarce-10pct,0.1,het-xl,e6rpfaue,5,zoom_blur,0.707831,0.713704,0.707244
scarce-10pct,0.1,sngp,jkzjb5vz,1,brightness,0.506023,0.507468,0.505886
scarce-10pct,0.1,sngp,jkzjb5vz,1,contrast,0.522565,0.515751,0.523138
scarce-10pct,0.1,sngp,jkzjb5vz,1,defocus_blur,0.509184,0.509325,0.509173
scarce-10pct,0.1,sngp,jkzjb5vz,1,elastic,0.567505,0.566112,0.567531
scarce-10pct,0.1,sngp,jkzjb5vz,1,fog,0.506522,0.498695,0.507158
scarce-10pct,0.1,sngp,jkzjb5vz,1,frost,0.540980,0.540887,0.541010
scarce-10pct,0.1,sngp,jkzjb5vz,1,frosted_glass_blur,0.636797,0.651193,0.635334
scarce-10pct,0.1,sngp,jkzjb5vz,1,gaussian_noise,0.546067,0.548530,0.545877
scarce-10pct,0.1,sngp,jkzjb5vz,1,impulse_noise,0.544945,0.539639,0.545340
scarce-10pct,0.1,sngp,jkzjb5vz,1,jpeg,0.527378,0.526481,0.527470
scarce-10pct,0.1,sngp,jkzjb5vz,1,motion_blur,0.556815,0.558836,0.556591
scarce-10pct,0.1,sngp,jkzjb5vz,1,pixelate,0.512311,0.508521,0.512600
scarce-10pct,0.1,sngp,jkzjb5vz,1,shot_noise,0.526959,0.527208,0.526963
scarce-10pct,0.1,sngp,jkzjb5vz,1,snow,0.537112,0.535019,0.537322
scarce-10pct,0.1,sngp,jkzjb5vz,1,zoom_blur,0.585368,0.588641,0.585049
scarce-10pct,0.1,sngp,jkzjb5vz,2,brightness,0.520631,0.524103,0.520266
scarce-10pct,0.1,sngp,jkzjb5vz,2,contrast,0.621400,0.613253,0.622081
scarce-10pct,0.1,sngp,jkzjb5vz,2,defocus_blur,0.540528,0.542889,0.540263
scarce-10pct,0.1,sngp,jkzjb5vz,2,elastic,0.569224,0.568675,0.569140
scarce-10pct,0.1,sngp,jkzjb5vz,2,fog,0.553319,0.539381,0.554421
scarce-10pct,0.1,sngp,jkzjb5vz,2,frost,0.587175,0.589976,0.587009
scarce-10pct,0.1,sngp,jkzjb5vz,2,frosted_glass_blur,0.635327,0.647990,0.634020
scarce-10pct,0.1,sngp,jkzjb5vz,2,gaussian_noise,0.592788,0.600445,0.592079
scarce-10pct,0.1,sngp,jkzjb5vz,2,impulse_noise,0.594049,0.590891,0.594260
scarce-10pct,0.1,sngp,jkzjb5vz,2,jpeg,0.551490,0.548074,0.551782
scarce-10pct,0.1,sngp,jkzjb5vz,2,motion_blur,0.599244,0.604016,0.598763
scarce-10pct,0.1,sngp,jkzjb5vz,2,pixelate,0.526999,0.520587,0.527461
scarce-10pct,0.1,sngp,jkzjb5vz,2,shot_noise,0.555065,0.556909,0.554952
scarce-10pct,0.1,sngp,jkzjb5vz,2,snow,0.592183,0.599593,0.591705
scarce-10pct,0.1,sngp,jkzjb5vz,2,zoom_blur,0.602118,0.609076,0.601423
scarce-10pct,0.1,sngp,jkzjb5vz,3,brightness,0.542031,0.548079,0.541378
scarce-10pct,0.1,sngp,jkzjb5vz,3,contrast,0.673812,0.668117,0.674184
scarce-10pct,0.1,sngp,jkzjb5vz,3,defocus_blur,0.584161,0.591081,0.583463
scarce-10pct,0.1,sngp,jkzjb5vz,3,elastic,0.597255,0.599122,0.596968
scarce-10pct,0.1,sngp,jkzjb5vz,3,fog,0.600092,0.583153,0.601486
scarce-10pct,0.1,sngp,jkzjb5vz,3,frost,0.629067,0.634252,0.628767
scarce-10pct,0.1,sngp,jkzjb5vz,3,frosted_glass_blur,0.623893,0.630206,0.623214
scarce-10pct,0.1,sngp,jkzjb5vz,3,gaussian_noise,0.620373,0.634374,0.619019
scarce-10pct,0.1,sngp,jkzjb5vz,3,impulse_noise,0.629042,0.631396,0.628779
scarce-10pct,0.1,sngp,jkzjb5vz,3,jpeg,0.557377,0.552855,0.557718
scarce-10pct,0.1,sngp,jkzjb5vz,3,motion_blur,0.635313,0.641686,0.634692
scarce-10pct,0.1,sngp,jkzjb5vz,3,pixelate,0.534527,0.526591,0.535088
scarce-10pct,0.1,sngp,jkzjb5vz,3,shot_noise,0.603231,0.612655,0.602445
scarce-10pct,0.1,sngp,jkzjb5vz,3,snow,0.594011,0.595975,0.593968
scarce-10pct,0.1,sngp,jkzjb5vz,3,zoom_blur,0.629069,0.638537,0.628177
scarce-10pct,0.1,sngp,jkzjb5vz,4,brightness,0.567372,0.576575,0.566335
scarce-10pct,0.1,sngp,jkzjb5vz,4,contrast,0.726147,0.729535,0.725489
scarce-10pct,0.1,sngp,jkzjb5vz,4,defocus_blur,0.629514,0.642018,0.628357
scarce-10pct,0.1,sngp,jkzjb5vz,4,elastic,0.620546,0.621616,0.620329
scarce-10pct,0.1,sngp,jkzjb5vz,4,fog,0.644342,0.625297,0.645913
scarce-10pct,0.1,sngp,jkzjb5vz,4,frost,0.628536,0.632510,0.628329
scarce-10pct,0.1,sngp,jkzjb5vz,4,frosted_glass_blur,0.665891,0.684232,0.663858
scarce-10pct,0.1,sngp,jkzjb5vz,4,gaussian_noise,0.626353,0.643860,0.624670
scarce-10pct,0.1,sngp,jkzjb5vz,4,impulse_noise,0.667052,0.683284,0.665354
scarce-10pct,0.1,sngp,jkzjb5vz,4,jpeg,0.566062,0.560780,0.566465
scarce-10pct,0.1,sngp,jkzjb5vz,4,motion_blur,0.635291,0.641511,0.634673
scarce-10pct,0.1,sngp,jkzjb5vz,4,pixelate,0.560768,0.552434,0.561359
scarce-10pct,0.1,sngp,jkzjb5vz,4,shot_noise,0.618387,0.631115,0.617221
scarce-10pct,0.1,sngp,jkzjb5vz,4,snow,0.612890,0.616083,0.612739
scarce-10pct,0.1,sngp,jkzjb5vz,4,zoom_blur,0.649836,0.662303,0.648632
scarce-10pct,0.1,sngp,jkzjb5vz,5,brightness,0.623965,0.640821,0.621755
scarce-10pct,0.1,sngp,jkzjb5vz,5,contrast,0.802436,0.848200,0.795931
scarce-10pct,0.1,sngp,jkzjb5vz,5,defocus_blur,0.700754,0.725979,0.698206
scarce-10pct,0.1,sngp,jkzjb5vz,5,elastic,0.630477,0.630009,0.630398
scarce-10pct,0.1,sngp,jkzjb5vz,5,fog,0.713867,0.694058,0.715481
scarce-10pct,0.1,sngp,jkzjb5vz,5,frost,0.652976,0.659055,0.652609
scarce-10pct,0.1,sngp,jkzjb5vz,5,frosted_glass_blur,0.656522,0.665012,0.655627
scarce-10pct,0.1,sngp,jkzjb5vz,5,gaussian_noise,0.630979,0.652170,0.628880
scarce-10pct,0.1,sngp,jkzjb5vz,5,impulse_noise,0.685126,0.715024,0.681634
scarce-10pct,0.1,sngp,jkzjb5vz,5,jpeg,0.581247,0.574344,0.581751
scarce-10pct,0.1,sngp,jkzjb5vz,5,motion_blur,0.662109,0.669011,0.661430
scarce-10pct,0.1,sngp,jkzjb5vz,5,pixelate,0.594596,0.585652,0.595217
scarce-10pct,0.1,sngp,jkzjb5vz,5,shot_noise,0.631482,0.650866,0.629594
scarce-10pct,0.1,sngp,jkzjb5vz,5,snow,0.637738,0.648297,0.636889
scarce-10pct,0.1,sngp,jkzjb5vz,5,zoom_blur,0.675393,0.690713,0.673863
scarce-10pct,0.1,shallow-ensemble,k6scvi1c,1,brightness,0.500318,0.499138,0.500317
scarce-10pct,0.1,shallow-ensemble,k6scvi1c,1,contrast,0.518470,0.514983,0.518473
scarce-10pct,0.1,shallow-ensemble,k6scvi1c,1,defocus_blur,0.506121,0.507658,0.506118
scarce-10pct,0.1,shallow-ensemble,k6scvi1c,1,elastic,0.586060,0.589863,0.586055
scarce-10pct,0.1,shallow-ensemble,k6scvi1c,1,fog,0.509750,0.508863,0.509748
scarce-10pct,0.1,shallow-ensemble,k6scvi1c,1,frost,0.553021,0.545684,0.553034
scarce-10pct,0.1,shallow-ensemble,k6scvi1c,1,frosted_glass_blur,0.692527,0.664666,0.692562
scarce-10pct,0.1,shallow-ensemble,k6scvi1c,1,gaussian_noise,0.601976,0.591757,0.601988
scarce-10pct,0.1,shallow-ensemble,k6scvi1c,1,impulse_noise,0.574455,0.566096,0.574466
scarce-10pct,0.1,shallow-ensemble,k6scvi1c,1,jpeg,0.575864,0.569409,0.575869
scarce-10pct,0.1,shallow-ensemble,k6scvi1c,1,motion_blur,0.578478,0.587082,0.578470
scarce-10pct,0.1,shallow-ensemble,k6scvi1c,1,pixelate,0.545833,0.539253,0.545842
scarce-10pct,0.1,shallow-ensemble,k6scvi1c,1,shot_noise,0.567849,0.560563,0.567859
scarce-10pct,0.1,shallow-ensemble,k6scvi1c,1,snow,0.567426,0.557930,0.567442
scarce-10pct,0.1,shallow-ensemble,k6scvi1c,1,zoom_blur,0.619951,0.636842,0.619920
scarce-10pct,0.1,shallow-ensemble,k6scvi1c,2,brightness,0.506784,0.504231,0.506791
scarce-10pct,0.1,shallow-ensemble,k6scvi1c,2,contrast,0.598542,0.588192,0.598554
scarce-10pct,0.1,shallow-ensemble,k6scvi1c,2,defocus_blur,0.537034,0.542821,0.537027
scarce-10pct,0.1,shallow-ensemble,k6scvi1c,2,elastic,0.586834,0.592587,0.586825
scarce-10pct,0.1,shallow-ensemble,k6scvi1c,2,fog,0.546698,0.544003,0.546700
scarce-10pct,0.1,shallow-ensemble,k6scvi1c,2,frost,0.603275,0.590134,0.603290
scarce-10pct,0.1,shallow-ensemble,k6scvi1c,2,frosted_glass_blur,0.697824,0.670577,0.697857
scarce-10pct,0.1,shallow-ensemble,k6scvi1c,2,gaussian_noise,0.663959,0.650060,0.663979
scarce-10pct,0.1,shallow-ensemble,k6scvi1c,2,impulse_noise,0.644073,0.631126,0.644093
scarce-10pct,0.1,shallow-ensemble,k6scvi1c,2,jpeg,0.619956,0.614103,0.619960
scarce-10pct,0.1,shallow-ensemble,k6scvi1c,2,motion_blur,0.639607,0.650604,0.639589
scarce-10pct,0.1,shallow-ensemble,k6scvi1c,2,pixelate,0.591674,0.576462,0.591689
scarce-10pct,0.1,shallow-ensemble,k6scvi1c,2,shot_noise,0.607755,0.597854,0.607767
scarce-10pct,0.1,shallow-ensemble,k6scvi1c,2,snow,0.642075,0.626706,0.642097
scarce-10pct,0.1,shallow-ensemble,k6scvi1c,2,zoom_blur,0.639431,0.656033,0.639402
scarce-10pct,0.1,shallow-ensemble,k6scvi1c,3,brightness,0.518928,0.514523,0.518933
scarce-10pct,0.1,shallow-ensemble,k6scvi1c,3,contrast,0.655099,0.639884,0.655116
scarce-10pct,0.1,shallow-ensemble,k6scvi1c,3,defocus_blur,0.596540,0.609902,0.596515
scarce-10pct,0.1,shallow-ensemble,k6scvi1c,3,elastic,0.624179,0.634902,0.624160
scarce-10pct,0.1,shallow-ensemble,k6scvi1c,3,fog,0.586111,0.581528,0.586114
scarce-10pct,0.1,shallow-ensemble,k6scvi1c,3,frost,0.654293,0.636302,0.654314
scarce-10pct,0.1,shallow-ensemble,k6scvi1c,3,frosted_glass_blur,0.697859,0.673605,0.697888
scarce-10pct,0.1,shallow-ensemble,k6scvi1c,3,gaussian_noise,0.704522,0.689387,0.704543
scarce-10pct,0.1,shallow-ensemble,k6scvi1c,3,impulse_noise,0.696279,0.679621,0.696297
scarce-10pct,0.1,shallow-ensemble,k6scvi1c,3,jpeg,0.632455,0.627763,0.632455
scarce-10pct,0.1,shallow-ensemble,k6scvi1c,3,motion_blur,0.679381,0.690797,0.679362
scarce-10pct,0.1,shallow-ensemble,k6scvi1c,3,pixelate,0.614774,0.596149,0.614793
scarce-10pct,0.1,shallow-ensemble,k6scvi1c,3,shot_noise,0.679778,0.667621,0.679794
scarce-10pct,0.1,shallow-ensemble,k6scvi1c,3,snow,0.633299,0.620018,0.633318
scarce-10pct,0.1,shallow-ensemble,k6scvi1c,3,zoom_blur,0.672914,0.690165,0.672881
scarce-10pct,0.1,shallow-ensemble,k6scvi1c,4,brightness,0.536740,0.530721,0.536748
scarce-10pct,0.1,shallow-ensemble,k6scvi1c,4,contrast,0.716468,0.695945,0.716488
scarce-10pct,0.1,shallow-ensemble,k6scvi1c,4,defocus_blur,0.664115,0.683315,0.664083
scarce-10pct,0.1,shallow-ensemble,k6scvi1c,4,elastic,0.666214,0.677564,0.666192
scarce-10pct,0.1,shallow-ensemble,k6scvi1c,4,fog,0.632080,0.626538,0.632085
scarce-10pct,0.1,shallow-ensemble,k6scvi1c,4,frost,0.658108,0.640124,0.658132
scarce-10pct,0.1,shallow-ensemble,k6scvi1c,4,frosted_glass_blur,0.702249,0.670971,0.702286
scarce-10pct,0.1,shallow-ensemble,k6scvi1c,4,gaussian_noise,0.716687,0.701375,0.716704
scarce-10pct,0.1,shallow-ensemble,k6scvi1c,4,impulse_noise,0.757533,0.736667,0.757562
scarce-10pct,0.1,shallow-ensemble,k6scvi1c,4,jpeg,0.646900,0.643255,0.646903
scarce-10pct,0.1,shallow-ensemble,k6scvi1c,4,motion_blur,0.679381,0.690797,0.679362
scarce-10pct,0.1,shallow-ensemble,k6scvi1c,4,pixelate,0.664341,0.639650,0.664360
scarce-10pct,0.1,shallow-ensemble,k6scvi1c,4,shot_noise,0.700349,0.687334,0.700364
scarce-10pct,0.1,shallow-ensemble,k6scvi1c,4,snow,0.643695,0.631331,0.643709
scarce-10pct,0.1,shallow-ensemble,k6scvi1c,4,zoom_blur,0.692326,0.707714,0.692297
scarce-10pct,0.1,shallow-ensemble,k6scvi1c,5,brightness,0.580549,0.571175,0.580557
scarce-10pct,0.1,shallow-ensemble,k6scvi1c,5,contrast,0.754881,0.751381,0.754868
scarce-10pct,0.1,shallow-ensemble,k6scvi1c,5,defocus_blur,0.724995,0.743017,0.724956
scarce-10pct,0.1,shallow-ensemble,k6scvi1c,5,elastic,0.689386,0.689379,0.689380
scarce-10pct,0.1,shallow-ensemble,k6scvi1c,5,fog,0.721832,0.714501,0.721840
scarce-10pct,0.1,shallow-ensemble,k6scvi1c,5,frost,0.688964,0.668557,0.688990
scarce-10pct,0.1,shallow-ensemble,k6scvi1c,5,frosted_glass_blur,0.716161,0.686768,0.716199
scarce-10pct,0.1,shallow-ensemble,k6scvi1c,5,gaussian_noise,0.724306,0.709058,0.724327
scarce-10pct,0.1,shallow-ensemble,k6scvi1c,5,impulse_noise,0.779367,0.758820,0.779394
scarce-10pct,0.1,shallow-ensemble,k6scvi1c,5,jpeg,0.664607,0.662564,0.664604
scarce-10pct,0.1,shallow-ensemble,k6scvi1c,5,motion_blur,0.702344,0.712890,0.702328
scarce-10pct,0.1,shallow-ensemble,k6scvi1c,5,pixelate,0.688563,0.657938,0.688591
scarce-10pct,0.1,shallow-ensemble,k6scvi1c,5,shot_noise,0.719111,0.705672,0.719129
scarce-10pct,0.1,shallow-ensemble,k6scvi1c,5,snow,0.670752,0.655929,0.670771
scarce-10pct,0.1,shallow-ensemble,k6scvi1c,5,zoom_blur,0.717470,0.732361,0.717444
scarce-10pct,0.1,het-xl,olapo0kg,1,brightness,0.500414,0.500513,0.500413
scarce-10pct,0.1,het-xl,olapo0kg,1,contrast,0.516158,0.516541,0.516137
scarce-10pct,0.1,het-xl,olapo0kg,1,defocus_blur,0.507686,0.507828,0.507684
scarce-10pct,0.1,het-xl,olapo0kg,1,elastic,0.605686,0.605355,0.605695
scarce-10pct,0.1,het-xl,olapo0kg,1,fog,0.508662,0.508580,0.508654
scarce-10pct,0.1,het-xl,olapo0kg,1,frost,0.579425,0.578758,0.579451
scarce-10pct,0.1,het-xl,olapo0kg,1,frosted_glass_blur,0.739174,0.737390,0.739292
scarce-10pct,0.1,het-xl,olapo0kg,1,gaussian_noise,0.645366,0.644943,0.645373
scarce-10pct,0.1,het-xl,olapo0kg,1,impulse_noise,0.593806,0.592339,0.593893
scarce-10pct,0.1,het-xl,olapo0kg,1,jpeg,0.605980,0.605183,0.606027
scarce-10pct,0.1,het-xl,olapo0kg,1,motion_blur,0.591993,0.592385,0.591957
scarce-10pct,0.1,het-xl,olapo0kg,1,pixelate,0.557580,0.556569,0.557640
scarce-10pct,0.1,het-xl,olapo0kg,1,shot_noise,0.606937,0.606636,0.606954
scarce-10pct,0.1,het-xl,olapo0kg,1,snow,0.591923,0.590419,0.591993
scarce-10pct,0.1,het-xl,olapo0kg,1,zoom_blur,0.633521,0.633663,0.633515
scarce-10pct,0.1,het-xl,olapo0kg,2,brightness,0.506277,0.506113,0.506289
scarce-10pct,0.1,het-xl,olapo0kg,2,contrast,0.580574,0.580594,0.580549
scarce-10pct,0.1,het-xl,olapo0kg,2,defocus_blur,0.542229,0.542800,0.542200
scarce-10pct,0.1,het-xl,olapo0kg,2,elastic,0.604127,0.603923,0.604121
scarce-10pct,0.1,het-xl,olapo0kg,2,fog,0.536990,0.536909,0.536986
scarce-10pct,0.1,het-xl,olapo0kg,2,frost,0.638402,0.637336,0.638457
scarce-10pct,0.1,het-xl,olapo0kg,2,frosted_glass_blur,0.741258,0.739150,0.741398
scarce-10pct,0.1,het-xl,olapo0kg,2,gaussian_noise,0.703299,0.702832,0.703321
scarce-10pct,0.1,het-xl,olapo0kg,2,impulse_noise,0.672134,0.669156,0.672297
scarce-10pct,0.1,het-xl,olapo0kg,2,jpeg,0.654489,0.653514,0.654546
scarce-10pct,0.1,het-xl,olapo0kg,2,motion_blur,0.655041,0.655440,0.655013
scarce-10pct,0.1,het-xl,olapo0kg,2,pixelate,0.620125,0.618282,0.620223
scarce-10pct,0.1,het-xl,olapo0kg,2,shot_noise,0.650745,0.650175,0.650771
scarce-10pct,0.1,het-xl,olapo0kg,2,snow,0.685539,0.683924,0.685637
scarce-10pct,0.1,het-xl,olapo0kg,2,zoom_blur,0.661193,0.661485,0.661171
scarce-10pct,0.1,het-xl,olapo0kg,3,brightness,0.517854,0.517897,0.517853
scarce-10pct,0.1,het-xl,olapo0kg,3,contrast,0.627550,0.627581,0.627525
scarce-10pct,0.1,het-xl,olapo0kg,3,defocus_blur,0.608246,0.608790,0.608217
scarce-10pct,0.1,het-xl,olapo0kg,3,elastic,0.645230,0.645249,0.645219
scarce-10pct,0.1,het-xl,olapo0kg,3,fog,0.567754,0.567401,0.567758
scarce-10pct,0.1,het-xl,olapo0kg,3,frost,0.697560,0.696447,0.697620
scarce-10pct,0.1,het-xl,olapo0kg,3,frosted_glass_blur,0.735665,0.734232,0.735745
scarce-10pct,0.1,het-xl,olapo0kg,3,gaussian_noise,0.735600,0.734802,0.735650
scarce-10pct,0.1,het-xl,olapo0kg,3,impulse_noise,0.729385,0.725213,0.729639
scarce-10pct,0.1,het-xl,olapo0kg,3,jpeg,0.669355,0.668121,0.669424
scarce-10pct,0.1,het-xl,olapo0kg,3,motion_blur,0.696254,0.696565,0.696228
scarce-10pct,0.1,het-xl,olapo0kg,3,pixelate,0.645646,0.643230,0.645783
scarce-10pct,0.1,het-xl,olapo0kg,3,shot_noise,0.719577,0.718988,0.719609
scarce-10pct,0.1,het-xl,olapo0kg,3,snow,0.667533,0.665557,0.667640
scarce-10pct,0.1,het-xl,olapo0kg,3,zoom_blur,0.698839,0.699013,0.698825
scarce-10pct,0.1,het-xl,olapo0kg,4,brightness,0.533515,0.533280,0.533531
scarce-10pct,0.1,het-xl,olapo0kg,4,contrast,0.684744,0.685008,0.684717
scarce-10pct,0.1,het-xl,olapo0kg,4,defocus_blur,0.687499,0.687978,0.687470
scarce-10pct,0.1,het-xl,olapo0kg,4,elastic,0.690769,0.690810,0.690750
scarce-10pct,0.1,het-xl,olapo0kg,4,fog,0.608685,0.608606,0.608687
scarce-10pct,0.1,het-xl,olapo0kg,4,frost,0.703724,0.702777,0.703767
scarce-10pct,0.1,het-xl,olapo0kg,4,frosted_glass_blur,0.761487,0.758767,0.761650
scarce-10pct,0.1,het-xl,olapo0kg,4,gaussian_noise,0.745766,0.744838,0.745828
scarce-10pct,0.1,het-xl,olapo0kg,4,impulse_noise,0.787620,0.782575,0.787920
scarce-10pct,0.1,het-xl,olapo0kg,4,jpeg,0.684391,0.682814,0.684472
scarce-10pct,0.1,het-xl,olapo0kg,4,motion_blur,0.696222,0.696462,0.696188
scarce-10pct,0.1,het-xl,olapo0kg,4,pixelate,0.700452,0.697357,0.700625
scarce-10pct,0.1,het-xl,olapo0kg,4,shot_noise,0.735900,0.735023,0.735961
scarce-10pct,0.1,het-xl,olapo0kg,4,snow,0.671163,0.669319,0.671263
scarce-10pct,0.1,het-xl,olapo0kg,4,zoom_blur,0.722643,0.722845,0.722619
scarce-10pct,0.1,het-xl,olapo0kg,5,brightness,0.570697,0.569878,0.570734
scarce-10pct,0.1,het-xl,olapo0kg,5,contrast,0.767726,0.768052,0.767700
scarce-10pct,0.1,het-xl,olapo0kg,5,defocus_blur,0.755187,0.755617,0.755155
scarce-10pct,0.1,het-xl,olapo0kg,5,elastic,0.713371,0.712433,0.713423
scarce-10pct,0.1,het-xl,olapo0kg,5,fog,0.703055,0.703233,0.703042
scarce-10pct,0.1,het-xl,olapo0kg,5,frost,0.736588,0.735941,0.736620
scarce-10pct,0.1,het-xl,olapo0kg,5,frosted_glass_blur,0.752807,0.750912,0.752921
scarce-10pct,0.1,het-xl,olapo0kg,5,gaussian_noise,0.753425,0.752312,0.753495
scarce-10pct,0.1,het-xl,olapo0kg,5,impulse_noise,0.806624,0.801480,0.806923
scarce-10pct,0.1,het-xl,olapo0kg,5,jpeg,0.703757,0.702270,0.703842
scarce-10pct,0.1,het-xl,olapo0kg,5,motion_blur,0.723639,0.724071,0.723601
scarce-10pct,0.1,het-xl,olapo0kg,5,pixelate,0.739732,0.737590,0.739859
scarce-10pct,0.1,het-xl,olapo0kg,5,shot_noise,0.757915,0.756507,0.757998
scarce-10pct,0.1,het-xl,olapo0kg,5,snow,0.703683,0.702125,0.703787
scarce-10pct,0.1,het-xl,olapo0kg,5,zoom_blur,0.753661,0.753818,0.753638
scarce-10pct,0.1,hetclassnn,pb3a6oru,1,brightness,0.500743,0.501157,0.500614
scarce-10pct,0.1,hetclassnn,pb3a6oru,1,contrast,0.516701,0.518295,0.515811
scarce-10pct,0.1,hetclassnn,pb3a6oru,1,defocus_blur,0.507482,0.507559,0.507550
scarce-10pct,0.1,hetclassnn,pb3a6oru,1,elastic,0.579977,0.579886,0.579596
scarce-10pct,0.1,hetclassnn,pb3a6oru,1,fog,0.508354,0.509811,0.507631
scarce-10pct,0.1,hetclassnn,pb3a6oru,1,frost,0.547712,0.550810,0.546072
scarce-10pct,0.1,hetclassnn,pb3a6oru,1,frosted_glass_blur,0.695104,0.700989,0.689924
scarce-10pct,0.1,hetclassnn,pb3a6oru,1,gaussian_noise,0.583086,0.583944,0.582170
scarce-10pct,0.1,hetclassnn,pb3a6oru,1,impulse_noise,0.563261,0.564744,0.562209
scarce-10pct,0.1,hetclassnn,pb3a6oru,1,jpeg,0.563653,0.564112,0.562980
scarce-10pct,0.1,hetclassnn,pb3a6oru,1,motion_blur,0.565087,0.567167,0.563756
scarce-10pct,0.1,hetclassnn,pb3a6oru,1,pixelate,0.531219,0.529536,0.531838
scarce-10pct,0.1,hetclassnn,pb3a6oru,1,shot_noise,0.551382,0.552479,0.550692
scarce-10pct,0.1,hetclassnn,pb3a6oru,1,snow,0.561595,0.564220,0.559979
scarce-10pct,0.1,hetclassnn,pb3a6oru,1,zoom_blur,0.598287,0.601217,0.596343
scarce-10pct,0.1,hetclassnn,pb3a6oru,2,brightness,0.508167,0.509599,0.507597
scarce-10pct,0.1,hetclassnn,pb3a6oru,2,contrast,0.591836,0.595156,0.589766
scarce-10pct,0.1,hetclassnn,pb3a6oru,2,defocus_blur,0.533882,0.535484,0.532993
scarce-10pct,0.1,hetclassnn,pb3a6oru,2,elastic,0.577512,0.577883,0.577078
scarce-10pct,0.1,hetclassnn,pb3a6oru,2,fog,0.542166,0.544432,0.540908
scarce-10pct,0.1,hetclassnn,pb3a6oru,2,frost,0.596172,0.599718,0.593821
scarce-10pct,0.1,hetclassnn,pb3a6oru,2,frosted_glass_blur,0.694709,0.699724,0.690099
scarce-10pct,0.1,hetclassnn,pb3a6oru,2,gaussian_noise,0.640775,0.641228,0.639344
scarce-10pct,0.1,hetclassnn,pb3a6oru,2,impulse_noise,0.622252,0.623778,0.620507
scarce-10pct,0.1,hetclassnn,pb3a6oru,2,jpeg,0.601876,0.602857,0.600777
scarce-10pct,0.1,hetclassnn,pb3a6oru,2,motion_blur,0.614291,0.615581,0.613391
scarce-10pct,0.1,hetclassnn,pb3a6oru,2,pixelate,0.563524,0.559401,0.565330
scarce-10pct,0.1,hetclassnn,pb3a6oru,2,shot_noise,0.588574,0.589556,0.587380
scarce-10pct,0.1,hetclassnn,pb3a6oru,2,snow,0.630811,0.636230,0.627134
scarce-10pct,0.1,hetclassnn,pb3a6oru,2,zoom_blur,0.612635,0.614997,0.610889
scarce-10pct,0.1,hetclassnn,pb3a6oru,3,brightness,0.521768,0.524011,0.520535
scarce-10pct,0.1,hetclassnn,pb3a6oru,3,contrast,0.647406,0.650465,0.644936
scarce-10pct,0.1,hetclassnn,pb3a6oru,3,defocus_blur,0.580016,0.583666,0.577874
scarce-10pct,0.1,hetclassnn,pb3a6oru,3,elastic,0.605106,0.606828,0.603907
scarce-10pct,0.1,hetclassnn,pb3a6oru,3,fog,0.578619,0.580135,0.577360
scarce-10pct,0.1,hetclassnn,pb3a6oru,3,frost,0.649674,0.655007,0.645970
scarce-10pct,0.1,hetclassnn,pb3a6oru,3,frosted_glass_blur,0.689585,0.695168,0.685024
scarce-10pct,0.1,hetclassnn,pb3a6oru,3,gaussian_noise,0.683530,0.684094,0.681799
scarce-10pct,0.1,hetclassnn,pb3a6oru,3,impulse_noise,0.670413,0.670531,0.668891
scarce-10pct,0.1,hetclassnn,pb3a6oru,3,jpeg,0.612871,0.613324,0.611838
scarce-10pct,0.1,hetclassnn,pb3a6oru,3,motion_blur,0.656754,0.657749,0.655663
scarce-10pct,0.1,hetclassnn,pb3a6oru,3,pixelate,0.578397,0.573240,0.580419
scarce-10pct,0.1,hetclassnn,pb3a6oru,3,shot_noise,0.653699,0.653494,0.652547
scarce-10pct,0.1,hetclassnn,pb3a6oru,3,snow,0.622901,0.628226,0.619473
scarce-10pct,0.1,hetclassnn,pb3a6oru,3,zoom_blur,0.643656,0.645501,0.641948
scarce-10pct,0.1,hetclassnn,pb3a6oru,4,brightness,0.537824,0.539625,0.536916
scarce-10pct,0.1,hetclassnn,pb3a6oru,4,contrast,0.715379,0.716493,0.713412
scarce-10pct,0.1,hetclassnn,pb3a6oru,4,defocus_blur,0.634976,0.639228,0.632162
scarce-10pct,0.1,hetclassnn,pb3a6oru,4,elastic,0.648757,0.652986,0.645865
scarce-10pct,0.1,hetclassnn,pb3a6oru,4,fog,0.623188,0.624835,0.621732
scarce-10pct,0.1,hetclassnn,pb3a6oru,4,frost,0.653720,0.659680,0.649599
scarce-10pct,0.1,hetclassnn,pb3a6oru,4,frosted_glass_blur,0.717926,0.722107,0.713540
scarce-10pct,0.1,hetclassnn,pb3a6oru,4,gaussian_noise,0.699665,0.700689,0.697531
scarce-10pct,0.1,hetclassnn,pb3a6oru,4,impulse_noise,0.729874,0.728652,0.728045
scarce-10pct,0.1,hetclassnn,pb3a6oru,4,jpeg,0.625125,0.626041,0.623859
scarce-10pct,0.1,hetclassnn,pb3a6oru,4,motion_blur,0.657661,0.658846,0.656520
scarce-10pct,0.1,hetclassnn,pb3a6oru,4,pixelate,0.621215,0.613680,0.623779
scarce-10pct,0.1,hetclassnn,pb3a6oru,4,shot_noise,0.676167,0.675499,0.675057
scarce-10pct,0.1,hetclassnn,pb3a6oru,4,snow,0.639637,0.645679,0.635423
scarce-10pct,0.1,hetclassnn,pb3a6oru,4,zoom_blur,0.666294,0.668029,0.664429
scarce-10pct,0.1,hetclassnn,pb3a6oru,5,brightness,0.581570,0.582834,0.580599
scarce-10pct,0.1,hetclassnn,pb3a6oru,5,contrast,0.799989,0.785553,0.805897
scarce-10pct,0.1,hetclassnn,pb3a6oru,5,defocus_blur,0.709611,0.712223,0.706983
scarce-10pct,0.1,hetclassnn,pb3a6oru,5,elastic,0.676256,0.683470,0.671054
scarce-10pct,0.1,hetclassnn,pb3a6oru,5,fog,0.717702,0.719700,0.714800
scarce-10pct,0.1,hetclassnn,pb3a6oru,5,frost,0.688411,0.694927,0.683844
scarce-10pct,0.1,hetclassnn,pb3a6oru,5,frosted_glass_blur,0.722907,0.728465,0.717767
scarce-10pct,0.1,hetclassnn,pb3a6oru,5,gaussian_noise,0.711661,0.712672,0.709172
scarce-10pct,0.1,hetclassnn,pb3a6oru,5,impulse_noise,0.756195,0.755893,0.753255
scarce-10pct,0.1,hetclassnn,pb3a6oru,5,jpeg,0.645031,0.646328,0.643495
scarce-10pct,0.1,hetclassnn,pb3a6oru,5,motion_blur,0.691365,0.691136,0.690402
scarce-10pct,0.1,hetclassnn,pb3a6oru,5,pixelate,0.676087,0.663092,0.680476
scarce-10pct,0.1,hetclassnn,pb3a6oru,5,shot_noise,0.706603,0.705965,0.705236
scarce-10pct,0.1,hetclassnn,pb3a6oru,5,snow,0.661972,0.665613,0.659107
scarce-10pct,0.1,hetclassnn,pb3a6oru,5,zoom_blur,0.696944,0.695605,0.696234
scarce-50pct,0.5,sngp,1692idyk,1,brightness,0.502106,0.501556,0.502112
scarce-50pct,0.5,sngp,1692idyk,1,contrast,0.511434,0.507493,0.511460
scarce-50pct,0.5,sngp,1692idyk,1,defocus_blur,0.506055,0.504963,0.506060
scarce-50pct,0.5,sngp,1692idyk,1,elastic,0.630003,0.620510,0.630055
scarce-50pct,0.5,sngp,1692idyk,1,fog,0.506271,0.504823,0.506285
scarce-50pct,0.5,sngp,1692idyk,1,frost,0.622234,0.622175,0.622212
scarce-50pct,0.5,sngp,1692idyk,1,frosted_glass_blur,0.866484,0.868396,0.866406
scarce-50pct,0.5,sngp,1692idyk,1,gaussian_noise,0.728130,0.725440,0.728125
scarce-50pct,0.5,sngp,1692idyk,1,impulse_noise,0.688476,0.690254,0.688446
scarce-50pct,0.5,sngp,1692idyk,1,jpeg,0.674187,0.657389,0.674305
scarce-50pct,0.5,sngp,1692idyk,1,motion_blur,0.633680,0.633131,0.633663
scarce-50pct,0.5,sngp,1692idyk,1,pixelate,0.568238,0.561983,0.568277
scarce-50pct,0.5,sngp,1692idyk,1,shot_noise,0.665992,0.664702,0.665977
scarce-50pct,0.5,sngp,1692idyk,1,snow,0.614033,0.612683,0.614034
scarce-50pct,0.5,sngp,1692idyk,1,zoom_blur,0.669454,0.665148,0.669470
scarce-50pct,0.5,sngp,1692idyk,2,brightness,0.511630,0.510625,0.511633
scarce-50pct,0.5,sngp,1692idyk,2,contrast,0.580055,0.571060,0.580107
scarce-50pct,0.5,sngp,1692idyk,2,defocus_blur,0.552109,0.549684,0.552116
scarce-50pct,0.5,sngp,1692idyk,2,elastic,0.633744,0.625076,0.633795
scarce-50pct,0.5,sngp,1692idyk,2,fog,0.536512,0.530892,0.536549
scarce-50pct,0.5,sngp,1692idyk,2,frost,0.694019,0.691990,0.694015
scarce-50pct,0.5,sngp,1692idyk,2,frosted_glass_blur,0.861003,0.861575,0.860947
scarce-50pct,0.5,sngp,1692idyk,2,gaussian_noise,0.818844,0.816248,0.818832
scarce-50pct,0.5,sngp,1692idyk,2,impulse_noise,0.795594,0.802533,0.795474
scarce-50pct,0.5,sngp,1692idyk,2,jpeg,0.740361,0.723445,0.740500
scarce-50pct,0.5,sngp,1692idyk,2,motion_blur,0.727932,0.728013,0.727894
scarce-50pct,0.5,sngp,1692idyk,2,pixelate,0.652381,0.646009,0.652427
scarce-50pct,0.5,sngp,1692idyk,2,shot_noise,0.736761,0.733600,0.736765
scarce-50pct,0.5,sngp,1692idyk,2,snow,0.729649,0.730080,0.729629
scarce-50pct,0.5,sngp,1692idyk,2,zoom_blur,0.727979,0.730997,0.727918
scarce-50pct,0.5,sngp,1692idyk,3,brightness,0.527953,0.525909,0.527957
scarce-50pct,0.5,sngp,1692idyk,3,contrast,0.637856,0.627508,0.637922
scarce-50pct,0.5,sngp,1692idyk,3,defocus_blur,0.673166,0.676601,0.673100
scarce-50pct,0.5,sngp,1692idyk,3,elastic,0.707877,0.702829,0.707892
scarce-50pct,0.5,sngp,1692idyk,3,fog,0.571982,0.563298,0.572030
scarce-50pct,0.5,sngp,1692idyk,3,frost,0.768629,0.767286,0.768609
scarce-50pct,0.5,sngp,1692idyk,3,frosted_glass_blur,0.853871,0.852945,0.853853
scarce-50pct,0.5,sngp,1692idyk,3,gaussian_noise,0.870044,0.872401,0.869957
scarce-50pct,0.5,sngp,1692idyk,3,impulse_noise,0.859572,0.870677,0.859339
scarce-50pct,0.5,sngp,1692idyk,3,jpeg,0.762402,0.746302,0.762537
scarce-50pct,0.5,sngp,1692idyk,3,motion_blur,0.792240,0.792929,0.792193
scarce-50pct,0.5,sngp,1692idyk,3,pixelate,0.689662,0.683151,0.689718
scarce-50pct,0.5,sngp,1692idyk,3,shot_noise,0.832917,0.831758,0.832890
scarce-50pct,0.5,sngp,1692idyk,3,snow,0.699677,0.695574,0.699696
scarce-50pct,0.5,sngp,1692idyk,3,zoom_blur,0.788888,0.796458,0.788745
scarce-50pct,0.5,sngp,1692idyk,4,brightness,0.548789,0.545551,0.548804
scarce-50pct,0.5,sngp,1692idyk,4,contrast,0.721762,0.713096,0.721820
scarce-50pct,0.5,sngp,1692idyk,4,defocus_blur,0.785816,0.792599,0.785673
scarce-50pct,0.5,sngp,1692idyk,4,elastic,0.762379,0.754571,0.762440
scarce-50pct,0.5,sngp,1692idyk,4,fog,0.629694,0.619580,0.629765
scarce-50pct,0.5,sngp,1692idyk,4,frost,0.777732,0.777394,0.777701
scarce-50pct,0.5,sngp,1692idyk,4,frosted_glass_blur,0.886338,0.885995,0.886294
scarce-50pct,0.5,sngp,1692idyk,4,gaussian_noise,0.885706,0.891547,0.885556
scarce-50pct,0.5,sngp,1692idyk,4,impulse_noise,0.921640,0.939351,0.921124
scarce-50pct,0.5,sngp,1692idyk,4,jpeg,0.782490,0.767064,0.782626
scarce-50pct,0.5,sngp,1692idyk,4,motion_blur,0.792249,0.792893,0.792200
scarce-50pct,0.5,sngp,1692idyk,4,pixelate,0.777346,0.778201,0.777310
scarce-50pct,0.5,sngp,1692idyk,4,shot_noise,0.860875,0.862412,0.860792
scarce-50pct,0.5,sngp,1692idyk,4,snow,0.718976,0.714285,0.719014
scarce-50pct,0.5,sngp,1692idyk,4,zoom_blur,0.831160,0.842938,0.830912
scarce-50pct,0.5,sngp,1692idyk,5,brightness,0.599915,0.592919,0.599951
scarce-50pct,0.5,sngp,1692idyk,5,contrast,0.885842,0.884815,0.885836
scarce-50pct,0.5,sngp,1692idyk,5,defocus_blur,0.890947,0.910572,0.890355
scarce-50pct,0.5,sngp,1692idyk,5,elastic,0.786377,0.773835,0.786489
scarce-50pct,0.5,sngp,1692idyk,5,fog,0.783229,0.781934,0.783194
scarce-50pct,0.5,sngp,1692idyk,5,frost,0.824686,0.825715,0.824620
scarce-50pct,0.5,sngp,1692idyk,5,frosted_glass_blur,0.881230,0.877559,0.881245
scarce-50pct,0.5,sngp,1692idyk,5,gaussian_noise,0.896736,0.906694,0.896495
scarce-50pct,0.5,sngp,1692idyk,5,impulse_noise,0.938115,0.962446,0.937275
scarce-50pct,0.5,sngp,1692idyk,5,jpeg,0.809116,0.794863,0.809248
scarce-50pct,0.5,sngp,1692idyk,5,motion_blur,0.835421,0.836160,0.835371
scarce-50pct,0.5,sngp,1692idyk,5,pixelate,0.834158,0.841420,0.834004
scarce-50pct,0.5,sngp,1692idyk,5,shot_noise,0.888772,0.896629,0.888571
scarce-50pct,0.5,sngp,1692idyk,5,snow,0.762226,0.759106,0.762234
scarce-50pct,0.5,sngp,1692idyk,5,zoom_blur,0.867898,0.883797,0.867502
scarce-50pct,0.5,edl,5lhhpt1y,1,brightness,0.501082,0.501108,0.500875
scarce-50pct,0.5,edl,5lhhpt1y,1,contrast,0.521831,0.521829,0.521984
scarce-50pct,0.5,edl,5lhhpt1y,1,defocus_blur,0.509554,0.509547,0.509838
scarce-50pct,0.5,edl,5lhhpt1y,1,elastic,0.611712,0.612012,0.611085
scarce-50pct,0.5,edl,5lhhpt1y,1,fog,0.512045,0.512098,0.511924
scarce-50pct,0.5,edl,5lhhpt1y,1,frost,0.565956,0.565849,0.566164
scarce-50pct,0.5,edl,5lhhpt1y,1,frosted_glass_blur,0.793582,0.793721,0.792460
scarce-50pct,0.5,edl,5lhhpt1y,1,gaussian_noise,0.632537,0.632540,0.633047
scarce-50pct,0.5,edl,5lhhpt1y,1,impulse_noise,0.590163,0.589771,0.589637
scarce-50pct,0.5,edl,5lhhpt1y,1,jpeg,0.608406,0.608460,0.608782
scarce-50pct,0.5,edl,5lhhpt1y,1,motion_blur,0.613735,0.613869,0.614154
scarce-50pct,0.5,edl,5lhhpt1y,1,pixelate,0.540300,0.540246,0.540175
scarce-50pct,0.5,edl,5lhhpt1y,1,shot_noise,0.581281,0.581228,0.581315
scarce-50pct,0.5,edl,5lhhpt1y,1,snow,0.576132,0.576093,0.575532
scarce-50pct,0.5,edl,5lhhpt1y,1,zoom_blur,0.646568,0.646902,0.645750
scarce-50pct,0.5,edl,5lhhpt1y,2,brightness,0.508855,0.508909,0.508511
scarce-50pct,0.5,edl,5lhhpt1y,2,contrast,0.600843,0.600992,0.601341
scarce-50pct,0.5,edl,5lhhpt1y,2,defocus_blur,0.550463,0.550457,0.550564
scarce-50pct,0.5,edl,5lhhpt1y,2,elastic,0.611976,0.612333,0.611550
scarce-50pct,0.5,edl,5lhhpt1y,2,fog,0.549819,0.549920,0.549836
scarce-50pct,0.5,edl,5lhhpt1y,2,frost,0.634077,0.634051,0.634769
scarce-50pct,0.5,edl,5lhhpt1y,2,frosted_glass_blur,0.786998,0.787181,0.785648
scarce-50pct,0.5,edl,5lhhpt1y,2,gaussian_noise,0.723531,0.723458,0.724915
scarce-50pct,0.5,edl,5lhhpt1y,2,impulse_noise,0.654412,0.654275,0.653630
scarce-50pct,0.5,edl,5lhhpt1y,2,jpeg,0.653933,0.654114,0.653240
scarce-50pct,0.5,edl,5lhhpt1y,2,motion_blur,0.689806,0.690008,0.690384
scarce-50pct,0.5,edl,5lhhpt1y,2,pixelate,0.578705,0.578493,0.578726
scarce-50pct,0.5,edl,5lhhpt1y,2,shot_noise,0.639201,0.639165,0.639690
scarce-50pct,0.5,edl,5lhhpt1y,2,snow,0.679685,0.679439,0.679044
scarce-50pct,0.5,edl,5lhhpt1y,2,zoom_blur,0.671235,0.671597,0.669755
scarce-50pct,0.5,edl,5lhhpt1y,3,brightness,0.522867,0.522893,0.522416
scarce-50pct,0.5,edl,5lhhpt1y,3,contrast,0.659156,0.659455,0.659781
scarce-50pct,0.5,edl,5lhhpt1y,3,defocus_blur,0.624873,0.625071,0.624712
scarce-50pct,0.5,edl,5lhhpt1y,3,elastic,0.662296,0.662675,0.661016
scarce-50pct,0.5,edl,5lhhpt1y,3,fog,0.589444,0.589632,0.589532
scarce-50pct,0.5,edl,5lhhpt1y,3,frost,0.712390,0.712285,0.713729
scarce-50pct,0.5,edl,5lhhpt1y,3,frosted_glass_blur,0.772673,0.772655,0.772206
scarce-50pct,0.5,edl,5lhhpt1y,3,gaussian_noise,0.778416,0.778454,0.780314
scarce-50pct,0.5,edl,5lhhpt1y,3,impulse_noise,0.716970,0.717049,0.715238
scarce-50pct,0.5,edl,5lhhpt1y,3,jpeg,0.668373,0.668551,0.667559
scarce-50pct,0.5,edl,5lhhpt1y,3,motion_blur,0.743329,0.743647,0.743178
scarce-50pct,0.5,edl,5lhhpt1y,3,pixelate,0.606824,0.606495,0.607142
scarce-50pct,0.5,edl,5lhhpt1y,3,shot_noise,0.732003,0.731946,0.732898
scarce-50pct,0.5,edl,5lhhpt1y,3,snow,0.650958,0.650908,0.649693
scarce-50pct,0.5,edl,5lhhpt1y,3,zoom_blur,0.715374,0.715883,0.713268
scarce-50pct,0.5,edl,5lhhpt1y,4,brightness,0.541739,0.541811,0.541730
scarce-50pct,0.5,edl,5lhhpt1y,4,contrast,0.737158,0.737306,0.737748
scarce-50pct,0.5,edl,5lhhpt1y,4,defocus_blur,0.716620,0.716951,0.715138
scarce-50pct,0.5,edl,5lhhpt1y,4,elastic,0.725895,0.726271,0.723989
scarce-50pct,0.5,edl,5lhhpt1y,4,fog,0.636416,0.636630,0.636668
scarce-50pct,0.5,edl,5lhhpt1y,4,frost,0.721779,0.721639,0.723248
scarce-50pct,0.5,edl,5lhhpt1y,4,frosted_glass_blur,0.820110,0.820291,0.816537
scarce-50pct,0.5,edl,5lhhpt1y,4,gaussian_noise,0.794152,0.794327,0.795401
scarce-50pct,0.5,edl,5lhhpt1y,4,impulse_noise,0.815366,0.815907,0.809822
scarce-50pct,0.5,edl,5lhhpt1y,4,jpeg,0.686329,0.686469,0.684622
scarce-50pct,0.5,edl,5lhhpt1y,4,motion_blur,0.743329,0.743647,0.743178
scarce-50pct,0.5,edl,5lhhpt1y,4,pixelate,0.671944,0.671506,0.672440
scarce-50pct,0.5,edl,5lhhpt1y,4,shot_noise,0.760166,0.760156,0.761695
scarce-50pct,0.5,edl,5lhhpt1y,4,snow,0.672058,0.672169,0.670538
scarce-50pct,0.5,edl,5lhhpt1y,4,zoom_blur,0.747665,0.748147,0.745421
scarce-50pct,0.5,edl,5lhhpt1y,5,brightness,0.590388,0.590415,0.589914
scarce-50pct,0.5,edl,5lhhpt1y,5,contrast,0.851185,0.851038,0.851016
scarce-50pct,0.5,edl,5lhhpt1y,5,defocus_blur,0.815157,0.815350,0.812541
scarce-50pct,0.5,edl,5lhhpt1y,5,elastic,0.748416,0.748721,0.745479
scarce-50pct,0.5,edl,5lhhpt1y,5,fog,0.739414,0.739531,0.740753
scarce-50pct,0.5,edl,5lhhpt1y,5,frost,0.775996,0.775776,0.777954
scarce-50pct,0.5,edl,5lhhpt1y,5,frosted_glass_blur,0.806781,0.806865,0.805299
scarce-50pct,0.5,edl,5lhhpt1y,5,gaussian_noise,0.805081,0.805312,0.806489
scarce-50pct,0.5,edl,5lhhpt1y,5,impulse_noise,0.865488,0.865930,0.855931
scarce-50pct,0.5,edl,5lhhpt1y,5,jpeg,0.709100,0.709342,0.707815
scarce-50pct,0.5,edl,5lhhpt1y,5,motion_blur,0.780686,0.780877,0.779944
scarce-50pct,0.5,edl,5lhhpt1y,5,pixelate,0.721831,0.721179,0.725350
scarce-50pct,0.5,edl,5lhhpt1y,5,shot_noise,0.788334,0.788575,0.789658
scarce-50pct,0.5,edl,5lhhpt1y,5,snow,0.716606,0.716362,0.716253
scarce-50pct,0.5,edl,5lhhpt1y,5,zoom_blur,0.790666,0.791149,0.786865
scarce-50pct,0.5,ddu,5w1yjrmj,1,brightness,0.500599,0.500000,0.500599
scarce-50pct,0.5,ddu,5w1yjrmj,1,contrast,0.525945,0.500000,0.525945
scarce-50pct,0.5,ddu,5w1yjrmj,1,defocus_blur,0.510212,0.500000,0.510212
scarce-50pct,0.5,ddu,5w1yjrmj,1,elastic,0.642175,0.500000,0.642175
scarce-50pct,0.5,ddu,5w1yjrmj,1,fog,0.513217,0.500000,0.513217
scarce-50pct,0.5,ddu,5w1yjrmj,1,frost,0.590798,0.500000,0.590798
scarce-50pct,0.5,ddu,5w1yjrmj,1,frosted_glass_blur,0.855535,0.500000,0.855535
scarce-50pct,0.5,ddu,5w1yjrmj,1,gaussian_noise,0.699534,0.500000,0.699534
scarce-50pct,0.5,ddu,5w1yjrmj,1,impulse_noise,0.665634,0.500000,0.665634
scarce-50pct,0.5,ddu,5w1yjrmj,1,jpeg,0.661937,0.500000,0.661937
scarce-50pct,0.5,ddu,5w1yjrmj,1,motion_blur,0.627919,0.500000,0.627919
scarce-50pct,0.5,ddu,5w1yjrmj,1,pixelate,0.560572,0.500000,0.560572
scarce-50pct,0.5,ddu,5w1yjrmj,1,shot_noise,0.633795,0.500000,0.633795
scarce-50pct,0.5,ddu,5w1yjrmj,1,snow,0.609396,0.500000,0.609396
scarce-50pct,0.5,ddu,5w1yjrmj,1,zoom_blur,0.671864,0.500000,0.671864
scarce-50pct,0.5,ddu,5w1yjrmj,2,brightness,0.507733,0.500000,0.507733
scarce-50pct,0.5,ddu,5w1yjrmj,2,contrast,0.614567,0.500000,0.614567
scarce-50pct,0.5,ddu,5w1yjrmj,2,defocus_blur,0.558645,0.500000,0.558645
scarce-50pct,0.5,ddu,5w1yjrmj,2,elastic,0.642807,0.500000,0.642807
scarce-50pct,0.5,ddu,5w1yjrmj,2,fog,0.551923,0.500000,0.551923
scarce-50pct,0.5,ddu,5w1yjrmj,2,frost,0.659073,0.500000,0.659073
scarce-50pct,0.5,ddu,5w1yjrmj,2,frosted_glass_blur,0.849150,0.500000,0.849150
scarce-50pct,0.5,ddu,5w1yjrmj,2,gaussian_noise,0.797471,0.500000,0.797471
scarce-50pct,0.5,ddu,5w1yjrmj,2,impulse_noise,0.769538,0.500000,0.769538
scarce-50pct,0.5,ddu,5w1yjrmj,2,jpeg,0.725082,0.500000,0.725082
scarce-50pct,0.5,ddu,5w1yjrmj,2,motion_blur,0.723888,0.500000,0.723888
scarce-50pct,0.5,ddu,5w1yjrmj,2,pixelate,0.629799,0.500000,0.629799
scarce-50pct,0.5,ddu,5w1yjrmj,2,shot_noise,0.705877,0.500000,0.705877
scarce-50pct,0.5,ddu,5w1yjrmj,2,snow,0.717248,0.500000,0.717248
scarce-50pct,0.5,ddu,5w1yjrmj,2,zoom_blur,0.715678,0.500000,0.715678
scarce-50pct,0.5,ddu,5w1yjrmj,3,brightness,0.521087,0.500000,0.521087
scarce-50pct,0.5,ddu,5w1yjrmj,3,contrast,0.680871,0.500000,0.680871
scarce-50pct,0.5,ddu,5w1yjrmj,3,defocus_blur,0.660048,0.500000,0.660048
scarce-50pct,0.5,ddu,5w1yjrmj,3,elastic,0.706017,0.500000,0.706017
scarce-50pct,0.5,ddu,5w1yjrmj,3,fog,0.592011,0.500000,0.592011
scarce-50pct,0.5,ddu,5w1yjrmj,3,frost,0.735681,0.500000,0.735681
scarce-50pct,0.5,ddu,5w1yjrmj,3,frosted_glass_blur,0.829455,0.500000,0.829455
scarce-50pct,0.5,ddu,5w1yjrmj,3,gaussian_noise,0.852286,0.500000,0.852286
scarce-50pct,0.5,ddu,5w1yjrmj,3,impulse_noise,0.839660,0.500000,0.839660
scarce-50pct,0.5,ddu,5w1yjrmj,3,jpeg,0.743473,0.500000,0.743473
scarce-50pct,0.5,ddu,5w1yjrmj,3,motion_blur,0.794268,0.500000,0.794268
scarce-50pct,0.5,ddu,5w1yjrmj,3,pixelate,0.663907,0.500000,0.663907
scarce-50pct,0.5,ddu,5w1yjrmj,3,shot_noise,0.809810,0.500000,0.809810
scarce-50pct,0.5,ddu,5w1yjrmj,3,snow,0.689666,0.500000,0.689666
scarce-50pct,0.5,ddu,5w1yjrmj,3,zoom_blur,0.772265,0.500000,0.772265
scarce-50pct,0.5,ddu,5w1yjrmj,4,brightness,0.539080,0.500000,0.539080
scarce-50pct,0.5,ddu,5w1yjrmj,4,contrast,0.771090,0.500000,0.771090
scarce-50pct,0.5,ddu,5w1yjrmj,4,defocus_blur,0.758554,0.500000,0.758554
scarce-50pct,0.5,ddu,5w1yjrmj,4,elastic,0.762734,0.500000,0.762734
scarce-50pct,0.5,ddu,5w1yjrmj,4,fog,0.641115,0.500000,0.641115
scarce-50pct,0.5,ddu,5w1yjrmj,4,frost,0.746689,0.500000,0.746689
scarce-50pct,0.5,ddu,5w1yjrmj,4,frosted_glass_blur,0.885174,0.500000,0.885174
scarce-50pct,0.5,ddu,5w1yjrmj,4,gaussian_noise,0.868006,0.500000,0.868006
scarce-50pct,0.5,ddu,5w1yjrmj,4,impulse_noise,0.910890,0.500000,0.910890
scarce-50pct,0.5,ddu,5w1yjrmj,4,jpeg,0.762477,0.500000,0.762477
scarce-50pct,0.5,ddu,5w1yjrmj,4,motion_blur,0.794268,0.500000,0.794268
scarce-50pct,0.5,ddu,5w1yjrmj,4,pixelate,0.738781,0.500000,0.738781
scarce-50pct,0.5,ddu,5w1yjrmj,4,shot_noise,0.843290,0.500000,0.843290
scarce-50pct,0.5,ddu,5w1yjrmj,4,snow,0.702900,0.500000,0.702900
scarce-50pct,0.5,ddu,5w1yjrmj,4,zoom_blur,0.814294,0.500000,0.814294
scarce-50pct,0.5,ddu,5w1yjrmj,5,brightness,0.585586,0.500000,0.585586
scarce-50pct,0.5,ddu,5w1yjrmj,5,contrast,0.934059,0.500000,0.934059
scarce-50pct,0.5,ddu,5w1yjrmj,5,defocus_blur,0.892952,0.500000,0.892952
scarce-50pct,0.5,ddu,5w1yjrmj,5,elastic,0.784692,0.500000,0.784692
scarce-50pct,0.5,ddu,5w1yjrmj,5,fog,0.761344,0.500000,0.761344
scarce-50pct,0.5,ddu,5w1yjrmj,5,frost,0.798593,0.500000,0.798593
scarce-50pct,0.5,ddu,5w1yjrmj,5,frosted_glass_blur,0.867935,0.500000,0.867935
scarce-50pct,0.5,ddu,5w1yjrmj,5,gaussian_noise,0.878411,0.500000,0.878411
scarce-50pct,0.5,ddu,5w1yjrmj,5,impulse_noise,0.912186,0.500000,0.912186
scarce-50pct,0.5,ddu,5w1yjrmj,5,jpeg,0.788655,0.500000,0.788655
scarce-50pct,0.5,ddu,5w1yjrmj,5,motion_blur,0.843465,0.500000,0.843465
scarce-50pct,0.5,ddu,5w1yjrmj,5,pixelate,0.801337,0.500000,0.801337
scarce-50pct,0.5,ddu,5w1yjrmj,5,shot_noise,0.870774,0.500000,0.870774
scarce-50pct,0.5,ddu,5w1yjrmj,5,snow,0.740574,0.500000,0.740574
scarce-50pct,0.5,ddu,5w1yjrmj,5,zoom_blur,0.860391,0.500000,0.860391
scarce-50pct,0.5,postnet,8ugac5sn,1,brightness,0.499035,0.498753,0.499055
scarce-50pct,0.5,postnet,8ugac5sn,1,contrast,0.495104,0.482928,0.495323
scarce-50pct,0.5,postnet,8ugac5sn,1,defocus_blur,0.500834,0.497353,0.500908
scarce-50pct,0.5,postnet,8ugac5sn,1,elastic,0.575277,0.525624,0.576066
scarce-50pct,0.5,postnet,8ugac5sn,1,fog,0.495817,0.489447,0.495939
scarce-50pct,0.5,postnet,8ugac5sn,1,frost,0.587417,0.569753,0.587677
scarce-50pct,0.5,postnet,8ugac5sn,1,frosted_glass_blur,0.827986,0.749421,0.828689
scarce-50pct,0.5,postnet,8ugac5sn,1,gaussian_noise,0.726811,0.713396,0.726938
scarce-50pct,0.5,postnet,8ugac5sn,1,impulse_noise,0.608091,0.558297,0.608835
scarce-50pct,0.5,postnet,8ugac5sn,1,jpeg,0.616389,0.572916,0.617084
scarce-50pct,0.5,postnet,8ugac5sn,1,motion_blur,0.597355,0.560580,0.597936
scarce-50pct,0.5,postnet,8ugac5sn,1,pixelate,0.547814,0.528722,0.548107
scarce-50pct,0.5,postnet,8ugac5sn,1,shot_noise,0.666903,0.659522,0.666994
scarce-50pct,0.5,postnet,8ugac5sn,1,snow,0.577927,0.553780,0.578333
scarce-50pct,0.5,postnet,8ugac5sn,1,zoom_blur,0.635928,0.576610,0.636755
scarce-50pct,0.5,postnet,8ugac5sn,2,brightness,0.501078,0.498336,0.501128
scarce-50pct,0.5,postnet,8ugac5sn,2,contrast,0.521294,0.468537,0.522132
scarce-50pct,0.5,postnet,8ugac5sn,2,defocus_blur,0.524959,0.505083,0.525313
scarce-50pct,0.5,postnet,8ugac5sn,2,elastic,0.579062,0.527099,0.579863
scarce-50pct,0.5,postnet,8ugac5sn,2,fog,0.502026,0.478141,0.502428
scarce-50pct,0.5,postnet,8ugac5sn,2,frost,0.647053,0.613898,0.647519
scarce-50pct,0.5,postnet,8ugac5sn,2,frosted_glass_blur,0.817653,0.733315,0.818427
scarce-50pct,0.5,postnet,8ugac5sn,2,gaussian_noise,0.796633,0.770260,0.796902
scarce-50pct,0.5,postnet,8ugac5sn,2,impulse_noise,0.689757,0.607467,0.690778
scarce-50pct,0.5,postnet,8ugac5sn,2,jpeg,0.675829,0.613935,0.676678
scarce-50pct,0.5,postnet,8ugac5sn,2,motion_blur,0.684946,0.615022,0.685820
scarce-50pct,0.5,postnet,8ugac5sn,2,pixelate,0.619967,0.585600,0.620470
scarce-50pct,0.5,postnet,8ugac5sn,2,shot_noise,0.728380,0.717015,0.728505
scarce-50pct,0.5,postnet,8ugac5sn,2,snow,0.690039,0.652343,0.690534
scarce-50pct,0.5,postnet,8ugac5sn,2,zoom_blur,0.686643,0.613086,0.687562
scarce-50pct,0.5,postnet,8ugac5sn,3,brightness,0.506406,0.499204,0.506519
scarce-50pct,0.5,postnet,8ugac5sn,3,contrast,0.562028,0.477608,0.563242
scarce-50pct,0.5,postnet,8ugac5sn,3,defocus_blur,0.620747,0.565094,0.621554
scarce-50pct,0.5,postnet,8ugac5sn,3,elastic,0.653136,0.583823,0.654081
scarce-50pct,0.5,postnet,8ugac5sn,3,fog,0.520956,0.479217,0.521626
scarce-50pct,0.5,postnet,8ugac5sn,3,frost,0.725322,0.685093,0.725835
scarce-50pct,0.5,postnet,8ugac5sn,3,frosted_glass_blur,0.802178,0.727430,0.802944
scarce-50pct,0.5,postnet,8ugac5sn,3,gaussian_noise,0.824602,0.782927,0.825030
scarce-50pct,0.5,postnet,8ugac5sn,3,impulse_noise,0.758460,0.651683,0.759603
scarce-50pct,0.5,postnet,8ugac5sn,3,jpeg,0.694899,0.627515,0.695789
scarce-50pct,0.5,postnet,8ugac5sn,3,motion_blur,0.753536,0.656165,0.754556
scarce-50pct,0.5,postnet,8ugac5sn,3,pixelate,0.667285,0.631640,0.667782
scarce-50pct,0.5,postnet,8ugac5sn,3,shot_noise,0.801957,0.770767,0.802281
scarce-50pct,0.5,postnet,8ugac5sn,3,snow,0.650644,0.606176,0.651270
scarce-50pct,0.5,postnet,8ugac5sn,3,zoom_blur,0.750638,0.662885,0.751601
scarce-50pct,0.5,postnet,8ugac5sn,4,brightness,0.515306,0.501786,0.515518
scarce-50pct,0.5,postnet,8ugac5sn,4,contrast,0.643371,0.518257,0.644918
scarce-50pct,0.5,postnet,8ugac5sn,4,defocus_blur,0.753314,0.677447,0.754123
scarce-50pct,0.5,postnet,8ugac5sn,4,elastic,0.719098,0.645551,0.719970
scarce-50pct,0.5,postnet,8ugac5sn,4,fog,0.565211,0.506532,0.566072
scarce-50pct,0.5,postnet,8ugac5sn,4,frost,0.742111,0.705438,0.742568
scarce-50pct,0.5,postnet,8ugac5sn,4,frosted_glass_blur,0.848421,0.754973,0.849182
scarce-50pct,0.5,postnet,8ugac5sn,4,gaussian_noise,0.829244,0.780264,0.829762
scarce-50pct,0.5,postnet,8ugac5sn,4,impulse_noise,0.860302,0.744085,0.861186
scarce-50pct,0.5,postnet,8ugac5sn,4,jpeg,0.718551,0.643795,0.719462
scarce-50pct,0.5,postnet,8ugac5sn,4,motion_blur,0.753536,0.656165,0.754556
scarce-50pct,0.5,postnet,8ugac5sn,4,pixelate,0.767432,0.726879,0.767855
scarce-50pct,0.5,postnet,8ugac5sn,4,shot_noise,0.817102,0.777133,0.817522
scarce-50pct,0.5,postnet,8ugac5sn,4,snow,0.673551,0.625887,0.674166
scarce-50pct,0.5,postnet,8ugac5sn,4,zoom_blur,0.792142,0.695199,0.793079
scarce-50pct,0.5,postnet,8ugac5sn,5,brightness,0.542151,0.512280,0.542588
scarce-50pct,0.5,postnet,8ugac5sn,5,contrast,0.873247,0.722143,0.874260
scarce-50pct,0.5,postnet,8ugac5sn,5,defocus_blur,0.856508,0.731075,0.857412
scarce-50pct,0.5,postnet,8ugac5sn,5,elastic,0.739188,0.664466,0.740059
scarce-50pct,0.5,postnet,8ugac5sn,5,fog,0.722292,0.650295,0.723183
scarce-50pct,0.5,postnet,8ugac5sn,5,frost,0.796721,0.760783,0.797098
scarce-50pct,0.5,postnet,8ugac5sn,5,frosted_glass_blur,0.834683,0.748551,0.835450
scarce-50pct,0.5,postnet,8ugac5sn,5,gaussian_noise,0.831207,0.775791,0.831802
scarce-50pct,0.5,postnet,8ugac5sn,5,impulse_noise,0.889873,0.784122,0.890602
scarce-50pct,0.5,postnet,8ugac5sn,5,jpeg,0.744156,0.663030,0.745085
scarce-50pct,0.5,postnet,8ugac5sn,5,motion_blur,0.801685,0.683321,0.802721
scarce-50pct,0.5,postnet,8ugac5sn,5,pixelate,0.817692,0.747726,0.818277
scarce-50pct,0.5,postnet,8ugac5sn,5,shot_noise,0.826587,0.770395,0.827158
scarce-50pct,0.5,postnet,8ugac5sn,5,snow,0.712175,0.663486,0.712784
scarce-50pct,0.5,postnet,8ugac5sn,5,zoom_blur,0.828446,0.719117,0.829356
scarce-50pct,0.5,loss-prediction,9fb4ansn,1,brightness,0.502253,0.500000,0.502253
scarce-50pct,0.5,loss-prediction,9fb4ansn,1,contrast,0.522715,0.500000,0.522715
scarce-50pct,0.5,loss-prediction,9fb4ansn,1,defocus_blur,0.511560,0.500000,0.511560
scarce-50pct,0.5,loss-prediction,9fb4ansn,1,elastic,0.626533,0.500000,0.626533
scarce-50pct,0.5,loss-prediction,9fb4ansn,1,fog,0.508904,0.500000,0.508904
scarce-50pct,0.5,loss-prediction,9fb4ansn,1,frost,0.576053,0.500000,0.576053
scarce-50pct,0.5,loss-prediction,9fb4ansn,1,frosted_glass_blur,0.810777,0.500000,0.810777
scarce-50pct,0.5,loss-prediction,9fb4ansn,1,gaussian_noise,0.657877,0.500000,0.657877
scarce-50pct,0.5,loss-prediction,9fb4ansn,1,impulse_noise,0.652332,0.500000,0.652332
scarce-50pct,0.5,loss-prediction,9fb4ansn,1,jpeg,0.631176,0.500000,0.631176
scarce-50pct,0.5,loss-prediction,9fb4ansn,1,motion_blur,0.617626,0.500000,0.617626
scarce-50pct,0.5,loss-prediction,9fb4ansn,1,pixelate,0.547150,0.500000,0.547150
scarce-50pct,0.5,loss-prediction,9fb4ansn,1,shot_noise,0.601042,0.500000,0.601042
scarce-50pct,0.5,loss-prediction,9fb4ansn,1,snow,0.608931,0.500000,0.608931
scarce-50pct,0.5,loss-prediction,9fb4ansn,1,zoom_blur,0.654143,0.500000,0.654143
scarce-50pct,0.5,loss-prediction,9fb4ansn,2,brightness,0.512092,0.500000,0.512092
scarce-50pct,0.5,loss-prediction,9fb4ansn,2,contrast,0.621517,0.500000,0.621517
scarce-50pct,0.5,loss-prediction,9fb4ansn,2,defocus_blur,0.559036,0.500000,0.559036
scarce-50pct,0.5,loss-prediction,9fb4ansn,2,elastic,0.626200,0.500000,0.626200
scarce-50pct,0.5,loss-prediction,9fb4ansn,2,fog,0.551713,0.500000,0.551713
scarce-50pct,0.5,loss-prediction,9fb4ansn,2,frost,0.645941,0.500000,0.645941
scarce-50pct,0.5,loss-prediction,9fb4ansn,2,frosted_glass_blur,0.807828,0.500000,0.807828
scarce-50pct,0.5,loss-prediction,9fb4ansn,2,gaussian_noise,0.756628,0.500000,0.756628
scarce-50pct,0.5,loss-prediction,9fb4ansn,2,impulse_noise,0.750278,0.500000,0.750278
scarce-50pct,0.5,loss-prediction,9fb4ansn,2,jpeg,0.695379,0.500000,0.695379
scarce-50pct,0.5,loss-prediction,9fb4ansn,2,motion_blur,0.707945,0.500000,0.707945
scarce-50pct,0.5,loss-prediction,9fb4ansn,2,pixelate,0.600415,0.500000,0.600415
scarce-50pct,0.5,loss-prediction,9fb4ansn,2,shot_noise,0.667138,0.500000,0.667138
scarce-50pct,0.5,loss-prediction,9fb4ansn,2,snow,0.712498,0.500000,0.712498
scarce-50pct,0.5,loss-prediction,9fb4ansn,2,zoom_blur,0.684318,0.500000,0.684318
scarce-50pct,0.5,loss-prediction,9fb4ansn,3,brightness,0.528357,0.500000,0.528357
scarce-50pct,0.5,loss-prediction,9fb4ansn,3,contrast,0.695061,0.500000,0.695061
scarce-50pct,0.5,loss-prediction,9fb4ansn,3,defocus_blur,0.640691,0.500000,0.640691
scarce-50pct,0.5,loss-prediction,9fb4ansn,3,elastic,0.676177,0.500000,0.676177
scarce-50pct,0.5,loss-prediction,9fb4ansn,3,fog,0.600178,0.500000,0.600178
scarce-50pct,0.5,loss-prediction,9fb4ansn,3,frost,0.715927,0.500000,0.715927
scarce-50pct,0.5,loss-prediction,9fb4ansn,3,frosted_glass_blur,0.785016,0.500000,0.785016
scarce-50pct,0.5,loss-prediction,9fb4ansn,3,gaussian_noise,0.813922,0.500000,0.813922
scarce-50pct,0.5,loss-prediction,9fb4ansn,3,impulse_noise,0.825178,0.500000,0.825178
scarce-50pct,0.5,loss-prediction,9fb4ansn,3,jpeg,0.713415,0.500000,0.713415
scarce-50pct,0.5,loss-prediction,9fb4ansn,3,motion_blur,0.774158,0.500000,0.774158
scarce-50pct,0.5,loss-prediction,9fb4ansn,3,pixelate,0.630491,0.500000,0.630491
scarce-50pct,0.5,loss-prediction,9fb4ansn,3,shot_noise,0.776960,0.500000,0.776960
scarce-50pct,0.5,loss-prediction,9fb4ansn,3,snow,0.689680,0.500000,0.689680
scarce-50pct,0.5,loss-prediction,9fb4ansn,3,zoom_blur,0.729234,0.500000,0.729234
scarce-50pct,0.5,loss-prediction,9fb4ansn,4,brightness,0.549911,0.500000,0.549911
scarce-50pct,0.5,loss-prediction,9fb4ansn,4,contrast,0.788811,0.500000,0.788811
scarce-50pct,0.5,loss-prediction,9fb4ansn,4,defocus_blur,0.731608,0.500000,0.731608
scarce-50pct,0.5,loss-prediction,9fb4ansn,4,elastic,0.731837,0.500000,0.731837
scarce-50pct,0.5,loss-prediction,9fb4ansn,4,fog,0.658433,0.500000,0.658433
scarce-50pct,0.5,loss-prediction,9fb4ansn,4,frost,0.720820,0.500000,0.720820
scarce-50pct,0.5,loss-prediction,9fb4ansn,4,frosted_glass_blur,0.843313,0.500000,0.843313
scarce-50pct,0.5,loss-prediction,9fb4ansn,4,gaussian_noise,0.833579,0.500000,0.833579
scarce-50pct,0.5,loss-prediction,9fb4ansn,4,impulse_noise,0.895721,0.500000,0.895721
scarce-50pct,0.5,loss-prediction,9fb4ansn,4,jpeg,0.730927,0.500000,0.730927
scarce-50pct,0.5,loss-prediction,9fb4ansn,4,motion_blur,0.774158,0.500000,0.774158
scarce-50pct,0.5,loss-prediction,9fb4ansn,4,pixelate,0.702199,0.500000,0.702199
scarce-50pct,0.5,loss-prediction,9fb4ansn,4,shot_noise,0.811911,0.500000,0.811911
scarce-50pct,0.5,loss-prediction,9fb4ansn,4,snow,0.704896,0.500000,0.704896
scarce-50pct,0.5,loss-prediction,9fb4ansn,4,zoom_blur,0.763439,0.500000,0.763439
scarce-50pct,0.5,loss-prediction,9fb4ansn,5,brightness,0.604312,0.500000,0.604312
scarce-50pct,0.5,loss-prediction,9fb4ansn,5,contrast,0.934493,0.500000,0.934493
scarce-50pct,0.5,loss-prediction,9fb4ansn,5,defocus_blur,0.843679,0.500000,0.843679
scarce-50pct,0.5,loss-prediction,9fb4ansn,5,elastic,0.755983,0.500000,0.755983
scarce-50pct,0.5,loss-prediction,9fb4ansn,5,fog,0.773951,0.500000,0.773951
scarce-50pct,0.5,loss-prediction,9fb4ansn,5,frost,0.765283,0.500000,0.765283
scarce-50pct,0.5,loss-prediction,9fb4ansn,5,frosted_glass_blur,0.822806,0.500000,0.822806
scarce-50pct,0.5,loss-prediction,9fb4ansn,5,gaussian_noise,0.849671,0.500000,0.849671
scarce-50pct,0.5,loss-prediction,9fb4ansn,5,impulse_noise,0.906472,0.500000,0.906472
scarce-50pct,0.5,loss-prediction,9fb4ansn,5,jpeg,0.755330,0.500000,0.755330
scarce-50pct,0.5,loss-prediction,9fb4ansn,5,motion_blur,0.818285,0.500000,0.818285
scarce-50pct,0.5,loss-prediction,9fb4ansn,5,pixelate,0.763838,0.500000,0.763838
scarce-50pct,0.5,loss-prediction,9fb4ansn,5,shot_noise,0.850483,0.500000,0.850483
scarce-50pct,0.5,loss-prediction,9fb4ansn,5,snow,0.739015,0.500000,0.739015
scarce-50pct,0.5,loss-prediction,9fb4ansn,5,zoom_blur,0.805640,0.500000,0.805640
scarce-50pct,0.5,het-xl,e6rpfaue,1,brightness,0.501983,0.501972,0.501984
scarce-50pct,0.5,het-xl,e6rpfaue,1,contrast,0.511791,0.509750,0.511791
scarce-50pct,0.5,het-xl,e6rpfaue,1,defocus_blur,0.503900,0.501434,0.503897
scarce-50pct,0.5,het-xl,e6rpfaue,1,elastic,0.619128,0.606958,0.619130
scarce-50pct,0.5,het-xl,e6rpfaue,1,fog,0.505185,0.501646,0.505182
scarce-50pct,0.5,het-xl,e6rpfaue,1,frost,0.602919,0.595847,0.602910
scarce-50pct,0.5,het-xl,e6rpfaue,1,frosted_glass_blur,0.836810,0.829765,0.836815
scarce-50pct,0.5,het-xl,e6rpfaue,1,gaussian_noise,0.697172,0.691119,0.697154
scarce-50pct,0.5,het-xl,e6rpfaue,1,impulse_noise,0.662875,0.653329,0.662895
scarce-50pct,0.5,het-xl,e6rpfaue,1,jpeg,0.670742,0.659424,0.670727
scarce-50pct,0.5,het-xl,e6rpfaue,1,motion_blur,0.599340,0.592209,0.599345
scarce-50pct,0.5,het-xl,e6rpfaue,1,pixelate,0.576184,0.568973,0.576174
scarce-50pct,0.5,het-xl,e6rpfaue,1,shot_noise,0.637490,0.629881,0.637472
scarce-50pct,0.5,het-xl,e6rpfaue,1,snow,0.607034,0.599804,0.607052
scarce-50pct,0.5,het-xl,e6rpfaue,1,zoom_blur,0.647552,0.638549,0.647544
scarce-50pct,0.5,het-xl,e6rpfaue,2,brightness,0.511677,0.509421,0.511676
scarce-50pct,0.5,het-xl,e6rpfaue,2,contrast,0.579944,0.570188,0.579951
scarce-50pct,0.5,het-xl,e6rpfaue,2,defocus_blur,0.537682,0.532093,0.537687
scarce-50pct,0.5,het-xl,e6rpfaue,2,elastic,0.618707,0.608828,0.618705
scarce-50pct,0.5,het-xl,e6rpfaue,2,fog,0.532363,0.525209,0.532376
scarce-50pct,0.5,het-xl,e6rpfaue,2,frost,0.674439,0.664362,0.674433
scarce-50pct,0.5,het-xl,e6rpfaue,2,frosted_glass_blur,0.833554,0.825791,0.833560
scarce-50pct,0.5,het-xl,e6rpfaue,2,gaussian_noise,0.776199,0.772218,0.776170
scarce-50pct,0.5,het-xl,e6rpfaue,2,impulse_noise,0.753119,0.744638,0.753124
scarce-50pct,0.5,het-xl,e6rpfaue,2,jpeg,0.731927,0.723545,0.731914
scarce-50pct,0.5,het-xl,e6rpfaue,2,motion_blur,0.683084,0.673686,0.683085
scarce-50pct,0.5,het-xl,e6rpfaue,2,pixelate,0.649695,0.640443,0.649685
scarce-50pct,0.5,het-xl,e6rpfaue,2,shot_noise,0.698444,0.691498,0.698422
scarce-50pct,0.5,het-xl,e6rpfaue,2,snow,0.710930,0.701846,0.710934
scarce-50pct,0.5,het-xl,e6rpfaue,2,zoom_blur,0.685769,0.678337,0.685765
scarce-50pct,0.5,het-xl,e6rpfaue,3,brightness,0.528412,0.524397,0.528409
scarce-50pct,0.5,het-xl,e6rpfaue,3,contrast,0.637007,0.627108,0.637010
scarce-50pct,0.5,het-xl,e6rpfaue,3,defocus_blur,0.626468,0.616474,0.626471
scarce-50pct,0.5,het-xl,e6rpfaue,3,elastic,0.675124,0.662247,0.675135
scarce-50pct,0.5,het-xl,e6rpfaue,3,fog,0.565473,0.555585,0.565483
scarce-50pct,0.5,het-xl,e6rpfaue,3,frost,0.745499,0.738412,0.745489
scarce-50pct,0.5,het-xl,e6rpfaue,3,frosted_glass_blur,0.825520,0.820648,0.825516
scarce-50pct,0.5,het-xl,e6rpfaue,3,gaussian_noise,0.816406,0.815165,0.816379
scarce-50pct,0.5,het-xl,e6rpfaue,3,impulse_noise,0.814548,0.808581,0.814531
scarce-50pct,0.5,het-xl,e6rpfaue,3,jpeg,0.747594,0.739059,0.747581
scarce-50pct,0.5,het-xl,e6rpfaue,3,motion_blur,0.745323,0.737237,0.745336
scarce-50pct,0.5,het-xl,e6rpfaue,3,pixelate,0.689729,0.682574,0.689705
scarce-50pct,0.5,het-xl,e6rpfaue,3,shot_noise,0.786238,0.782813,0.786208
scarce-50pct,0.5,het-xl,e6rpfaue,3,snow,0.691364,0.683100,0.691363
scarce-50pct,0.5,het-xl,e6rpfaue,3,zoom_blur,0.739805,0.732381,0.739795
scarce-50pct,0.5,het-xl,e6rpfaue,4,brightness,0.551302,0.545358,0.551302
scarce-50pct,0.5,het-xl,e6rpfaue,4,contrast,0.718735,0.710770,0.718738
scarce-50pct,0.5,het-xl,e6rpfaue,4,defocus_blur,0.738104,0.731707,0.738092
scarce-50pct,0.5,het-xl,e6rpfaue,4,elastic,0.733539,0.724359,0.733549
scarce-50pct,0.5,het-xl,e6rpfaue,4,fog,0.614454,0.603864,0.614474
scarce-50pct,0.5,het-xl,e6rpfaue,4,frost,0.751751,0.745621,0.751745
scarce-50pct,0.5,het-xl,e6rpfaue,4,frosted_glass_blur,0.857516,0.850888,0.857531
scarce-50pct,0.5,het-xl,e6rpfaue,4,gaussian_noise,0.826195,0.823799,0.826169
scarce-50pct,0.5,het-xl,e6rpfaue,4,impulse_noise,0.879826,0.883948,0.879707
scarce-50pct,0.5,het-xl,e6rpfaue,4,jpeg,0.766138,0.759034,0.766131
scarce-50pct,0.5,het-xl,e6rpfaue,4,motion_blur,0.745317,0.737264,0.745327
scarce-50pct,0.5,het-xl,e6rpfaue,4,pixelate,0.766265,0.760136,0.766236
scarce-50pct,0.5,het-xl,e6rpfaue,4,shot_noise,0.810272,0.807262,0.810247
scarce-50pct,0.5,het-xl,e6rpfaue,4,snow,0.712321,0.703657,0.712324
scarce-50pct,0.5,het-xl,e6rpfaue,4,zoom_blur,0.778144,0.771262,0.778131
scarce-50pct,0.5,het-xl,e6rpfaue,5,brightness,0.606284,0.599294,0.606283
scarce-50pct,0.5,het-xl,e6rpfaue,5,contrast,0.870642,0.874842,0.870564
scarce-50pct,0.5,het-xl,e6rpfaue,5,defocus_blur,0.847348,0.846346,0.847328
scarce-50pct,0.5,het-xl,e6rpfaue,5,elastic,0.773046,0.764664,0.773054
scarce-50pct,0.5,het-xl,e6rpfaue,5,fog,0.741654,0.729980,0.741685
scarce-50pct,0.5,het-xl,e6rpfaue,5,frost,0.795519,0.790649,0.795511
scarce-50pct,0.5,het-xl,e6rpfaue,5,frosted_glass_blur,0.851900,0.846318,0.851904
scarce-50pct,0.5,het-xl,e6rpfaue,5,gaussian_noise,0.832621,0.830020,0.832601
scarce-50pct,0.5,het-xl,e6rpfaue,5,impulse_noise,0.905918,0.915890,0.905673
scarce-50pct,0.5,het-xl,e6rpfaue,5,jpeg,0.788832,0.783496,0.788816
scarce-50pct,0.5,het-xl,e6rpfaue,5,motion_blur,0.787150,0.777997,0.787165
scarce-50pct,0.5,het-xl,e6rpfaue,5,pixelate,0.830142,0.828945,0.830082
scarce-50pct,0.5,het-xl,e6rpfaue,5,shot_noise,0.830261,0.827428,0.830237
scarce-50pct,0.5,het-xl,e6rpfaue,5,snow,0.756479,0.749126,0.756474
scarce-50pct,0.5,het-xl,e6rpfaue,5,zoom_blur,0.819617,0.813828,0.819617
scarce-50pct,0.5,sngp,jkzjb5vz,1,brightness,0.501372,0.501612,0.501371
scarce-50pct,0.5,sngp,jkzjb5vz,1,contrast,0.507495,0.503628,0.507520
scarce-50pct,0.5,sngp,jkzjb5vz,1,defocus_blur,0.503678,0.502192,0.503681
scarce-50pct,0.5,sngp,jkzjb5vz,1,elastic,0.628928,0.620203,0.628985
scarce-50pct,0.5,sngp,jkzjb5vz,1,fog,0.501789,0.499245,0.501805
scarce-50pct,0.5,sngp,jkzjb5vz,1,frost,0.630179,0.638418,0.630086
scarce-50pct,0.5,sngp,jkzjb5vz,1,frosted_glass_blur,0.877298,0.881093,0.877194
scarce-50pct,0.5,sngp,jkzjb5vz,1,gaussian_noise,0.752374,0.759385,0.752239
scarce-50pct,0.5,sngp,jkzjb5vz,1,impulse_noise,0.702701,0.703218,0.702697
scarce-50pct,0.5,sngp,jkzjb5vz,1,jpeg,0.677400,0.663388,0.677505
scarce-50pct,0.5,sngp,jkzjb5vz,1,motion_blur,0.625793,0.626719,0.625787
scarce-50pct,0.5,sngp,jkzjb5vz,1,pixelate,0.573667,0.567621,0.573709
scarce-50pct,0.5,sngp,jkzjb5vz,1,shot_noise,0.687675,0.696613,0.687538
scarce-50pct,0.5,sngp,jkzjb5vz,1,snow,0.624219,0.621351,0.624244
scarce-50pct,0.5,sngp,jkzjb5vz,1,zoom_blur,0.675853,0.673470,0.675865
scarce-50pct,0.5,sngp,jkzjb5vz,2,brightness,0.509604,0.509256,0.509606
scarce-50pct,0.5,sngp,jkzjb5vz,2,contrast,0.577934,0.568939,0.577994
scarce-50pct,0.5,sngp,jkzjb5vz,2,defocus_blur,0.548248,0.546370,0.548259
scarce-50pct,0.5,sngp,jkzjb5vz,2,elastic,0.633012,0.624660,0.633066
scarce-50pct,0.5,sngp,jkzjb5vz,2,fog,0.527477,0.521203,0.527517
scarce-50pct,0.5,sngp,jkzjb5vz,2,frost,0.704321,0.710794,0.704220
scarce-50pct,0.5,sngp,jkzjb5vz,2,frosted_glass_blur,0.869772,0.871526,0.869715
scarce-50pct,0.5,sngp,jkzjb5vz,2,gaussian_noise,0.834501,0.835758,0.834443
scarce-50pct,0.5,sngp,jkzjb5vz,2,impulse_noise,0.804506,0.805864,0.804489
scarce-50pct,0.5,sngp,jkzjb5vz,2,jpeg,0.748226,0.734081,0.748340
scarce-50pct,0.5,sngp,jkzjb5vz,2,motion_blur,0.716772,0.718232,0.716748
scarce-50pct,0.5,sngp,jkzjb5vz,2,pixelate,0.655128,0.650070,0.655169
scarce-50pct,0.5,sngp,jkzjb5vz,2,shot_noise,0.756508,0.761172,0.756400
scarce-50pct,0.5,sngp,jkzjb5vz,2,snow,0.738934,0.738515,0.738935
scarce-50pct,0.5,sngp,jkzjb5vz,2,zoom_blur,0.736916,0.740889,0.736852
scarce-50pct,0.5,sngp,jkzjb5vz,3,brightness,0.524346,0.523243,0.524349
scarce-50pct,0.5,sngp,jkzjb5vz,3,contrast,0.639973,0.630141,0.640039
scarce-50pct,0.5,sngp,jkzjb5vz,3,defocus_blur,0.674202,0.677773,0.674146
scarce-50pct,0.5,sngp,jkzjb5vz,3,elastic,0.708013,0.703693,0.708033
scarce-50pct,0.5,sngp,jkzjb5vz,3,fog,0.560035,0.551497,0.560092
scarce-50pct,0.5,sngp,jkzjb5vz,3,frost,0.778827,0.785829,0.778697
scarce-50pct,0.5,sngp,jkzjb5vz,3,frosted_glass_blur,0.863298,0.867909,0.863168
scarce-50pct,0.5,sngp,jkzjb5vz,3,gaussian_noise,0.881392,0.881949,0.881361
scarce-50pct,0.5,sngp,jkzjb5vz,3,impulse_noise,0.866859,0.870280,0.866792
scarce-50pct,0.5,sngp,jkzjb5vz,3,jpeg,0.769857,0.756948,0.769971
scarce-50pct,0.5,sngp,jkzjb5vz,3,motion_blur,0.782183,0.784117,0.782134
scarce-50pct,0.5,sngp,jkzjb5vz,3,pixelate,0.696493,0.692158,0.696529
scarce-50pct,0.5,sngp,jkzjb5vz,3,shot_noise,0.847343,0.847047,0.847314
scarce-50pct,0.5,sngp,jkzjb5vz,3,snow,0.711666,0.706332,0.711716
scarce-50pct,0.5,sngp,jkzjb5vz,3,zoom_blur,0.800449,0.808667,0.800294
scarce-50pct,0.5,sngp,jkzjb5vz,4,brightness,0.544539,0.542623,0.544551
scarce-50pct,0.5,sngp,jkzjb5vz,4,contrast,0.726968,0.718501,0.727026
scarce-50pct,0.5,sngp,jkzjb5vz,4,defocus_blur,0.796817,0.804533,0.796665
scarce-50pct,0.5,sngp,jkzjb5vz,4,elastic,0.761358,0.754625,0.761429
scarce-50pct,0.5,sngp,jkzjb5vz,4,fog,0.611409,0.603768,0.611465
scarce-50pct,0.5,sngp,jkzjb5vz,4,frost,0.790387,0.798950,0.790214
scarce-50pct,0.5,sngp,jkzjb5vz,4,frosted_glass_blur,0.894684,0.891818,0.894705
scarce-50pct,0.5,sngp,jkzjb5vz,4,gaussian_noise,0.897210,0.899526,0.897152
scarce-50pct,0.5,sngp,jkzjb5vz,4,impulse_noise,0.921882,0.933800,0.921615
scarce-50pct,0.5,sngp,jkzjb5vz,4,jpeg,0.793495,0.781563,0.793606
scarce-50pct,0.5,sngp,jkzjb5vz,4,motion_blur,0.782179,0.784212,0.782133
scarce-50pct,0.5,sngp,jkzjb5vz,4,pixelate,0.774595,0.779331,0.774518
scarce-50pct,0.5,sngp,jkzjb5vz,4,shot_noise,0.871682,0.871867,0.871655
scarce-50pct,0.5,sngp,jkzjb5vz,4,snow,0.724365,0.720062,0.724410
scarce-50pct,0.5,sngp,jkzjb5vz,4,zoom_blur,0.844688,0.856637,0.844405
scarce-50pct,0.5,sngp,jkzjb5vz,5,brightness,0.595256,0.591481,0.595279
scarce-50pct,0.5,sngp,jkzjb5vz,5,contrast,0.889917,0.886209,0.889950
scarce-50pct,0.5,sngp,jkzjb5vz,5,defocus_blur,0.914533,0.931736,0.913902
scarce-50pct,0.5,sngp,jkzjb5vz,5,elastic,0.791529,0.781506,0.791630
scarce-50pct,0.5,sngp,jkzjb5vz,5,fog,0.762469,0.766370,0.762375
scarce-50pct,0.5,sngp,jkzjb5vz,5,frost,0.836464,0.846248,0.836240
scarce-50pct,0.5,sngp,jkzjb5vz,5,frosted_glass_blur,0.888699,0.887402,0.888687
scarce-50pct,0.5,sngp,jkzjb5vz,5,gaussian_noise,0.909519,0.914477,0.909422
scarce-50pct,0.5,sngp,jkzjb5vz,5,impulse_noise,0.929698,0.951893,0.929103
scarce-50pct,0.5,sngp,jkzjb5vz,5,jpeg,0.818590,0.807805,0.818699
scarce-50pct,0.5,sngp,jkzjb5vz,5,motion_blur,0.827919,0.830270,0.827861
scarce-50pct,0.5,sngp,jkzjb5vz,5,pixelate,0.823714,0.834741,0.823496
scarce-50pct,0.5,sngp,jkzjb5vz,5,shot_noise,0.900640,0.904493,0.900552
scarce-50pct,0.5,sngp,jkzjb5vz,5,snow,0.765533,0.765749,0.765503
scarce-50pct,0.5,sngp,jkzjb5vz,5,zoom_blur,0.883619,0.899332,0.883173
scarce-50pct,0.5,shallow-ensemble,k6scvi1c,1,brightness,0.500097,0.503715,0.500097
scarce-50pct,0.5,shallow-ensemble,k6scvi1c,1,contrast,0.505420,0.504242,0.505420
scarce-50pct,0.5,shallow-ensemble,k6scvi1c,1,defocus_blur,0.502952,0.495494,0.502952
scarce-50pct,0.5,shallow-ensemble,k6scvi1c,1,elastic,0.615277,0.569678,0.615277
scarce-50pct,0.5,shallow-ensemble,k6scvi1c,1,fog,0.501831,0.498434,0.501831
scarce-50pct,0.5,shallow-ensemble,k6scvi1c,1,frost,0.602622,0.573882,0.602623
scarce-50pct,0.5,shallow-ensemble,k6scvi1c,1,frosted_glass_blur,0.840790,0.792803,0.840790
scarce-50pct,0.5,shallow-ensemble,k6scvi1c,1,gaussian_noise,0.719022,0.685242,0.719022
scarce-50pct,0.5,shallow-ensemble,k6scvi1c,1,impulse_noise,0.653326,0.629732,0.653326
scarce-50pct,0.5,shallow-ensemble,k6scvi1c,1,jpeg,0.667939,0.608572,0.667939
scarce-50pct,0.5,shallow-ensemble,k6scvi1c,1,motion_blur,0.616465,0.580666,0.616465
scarce-50pct,0.5,shallow-ensemble,k6scvi1c,1,pixelate,0.565499,0.543638,0.565500
scarce-50pct,0.5,shallow-ensemble,k6scvi1c,1,shot_noise,0.652228,0.618126,0.652228
scarce-50pct,0.5,shallow-ensemble,k6scvi1c,1,snow,0.592195,0.569371,0.592196
scarce-50pct,0.5,shallow-ensemble,k6scvi1c,1,zoom_blur,0.651961,0.615320,0.651962
scarce-50pct,0.5,shallow-ensemble,k6scvi1c,2,brightness,0.507196,0.502678,0.507196
scarce-50pct,0.5,shallow-ensemble,k6scvi1c,2,contrast,0.563450,0.539276,0.563451
scarce-50pct,0.5,shallow-ensemble,k6scvi1c,2,defocus_blur,0.535956,0.517167,0.535956
scarce-50pct,0.5,shallow-ensemble,k6scvi1c,2,elastic,0.617145,0.577564,0.617145
scarce-50pct,0.5,shallow-ensemble,k6scvi1c,2,fog,0.524216,0.512673,0.524217
scarce-50pct,0.5,shallow-ensemble,k6scvi1c,2,frost,0.671992,0.635285,0.671992
scarce-50pct,0.5,shallow-ensemble,k6scvi1c,2,frosted_glass_blur,0.835648,0.786820,0.835648
scarce-50pct,0.5,shallow-ensemble,k6scvi1c,2,gaussian_noise,0.806267,0.771564,0.806267
scarce-50pct,0.5,shallow-ensemble,k6scvi1c,2,impulse_noise,0.748589,0.718470,0.748589
scarce-50pct,0.5,shallow-ensemble,k6scvi1c,2,jpeg,0.733082,0.661222,0.733082
scarce-50pct,0.5,shallow-ensemble,k6scvi1c,2,motion_blur,0.703153,0.662331,0.703154
scarce-50pct,0.5,shallow-ensemble,k6scvi1c,2,pixelate,0.644953,0.603029,0.644953
scarce-50pct,0.5,shallow-ensemble,k6scvi1c,2,shot_noise,0.722946,0.685957,0.722946
scarce-50pct,0.5,shallow-ensemble,k6scvi1c,2,snow,0.692249,0.644185,0.692249
scarce-50pct,0.5,shallow-ensemble,k6scvi1c,2,zoom_blur,0.699937,0.654424,0.699938
scarce-50pct,0.5,shallow-ensemble,k6scvi1c,3,brightness,0.521499,0.511633,0.521499
scarce-50pct,0.5,shallow-ensemble,k6scvi1c,3,contrast,0.617125,0.577625,0.617125
scarce-50pct,0.5,shallow-ensemble,k6scvi1c,3,defocus_blur,0.632247,0.595794,0.632246
scarce-50pct,0.5,shallow-ensemble,k6scvi1c,3,elastic,0.678579,0.631157,0.678578
scarce-50pct,0.5,shallow-ensemble,k6scvi1c,3,fog,0.554895,0.539266,0.554896
scarce-50pct,0.5,shallow-ensemble,k6scvi1c,3,frost,0.744208,0.703675,0.744208
scarce-50pct,0.5,shallow-ensemble,k6scvi1c,3,frosted_glass_blur,0.833281,0.783795,0.833281
scarce-50pct,0.5,shallow-ensemble,k6scvi1c,3,gaussian_noise,0.844682,0.815884,0.844682
scarce-50pct,0.5,shallow-ensemble,k6scvi1c,3,impulse_noise,0.823983,0.791176,0.823982
scarce-50pct,0.5,shallow-ensemble,k6scvi1c,3,jpeg,0.749748,0.680952,0.749748
scarce-50pct,0.5,shallow-ensemble,k6scvi1c,3,motion_blur,0.763786,0.723359,0.763786
scarce-50pct,0.5,shallow-ensemble,k6scvi1c,3,pixelate,0.686631,0.637611,0.686631
scarce-50pct,0.5,shallow-ensemble,k6scvi1c,3,shot_noise,0.817310,0.780043,0.817310
scarce-50pct,0.5,shallow-ensemble,k6scvi1c,3,snow,0.670323,0.626115,0.670323
scarce-50pct,0.5,shallow-ensemble,k6scvi1c,3,zoom_blur,0.758565,0.717414,0.758564
scarce-50pct,0.5,shallow-ensemble,k6scvi1c,4,brightness,0.540907,0.523806,0.540908
scarce-50pct,0.5,shallow-ensemble,k6scvi1c,4,contrast,0.700263,0.645899,0.700262
scarce-50pct,0.5,shallow-ensemble,k6scvi1c,4,defocus_blur,0.754599,0.715632,0.754599
scarce-50pct,0.5,shallow-ensemble,k6scvi1c,4,elastic,0.740531,0.697303,0.740531
scarce-50pct,0.5,shallow-ensemble,k6scvi1c,4,fog,0.606509,0.570167,0.606509
scarce-50pct,0.5,shallow-ensemble,k6scvi1c,4,frost,0.751581,0.714826,0.751581
scarce-50pct,0.5,shallow-ensemble,k6scvi1c,4,frosted_glass_blur,0.859934,0.806522,0.859934
scarce-50pct,0.5,shallow-ensemble,k6scvi1c,4,gaussian_noise,0.851159,0.826739,0.851159
scarce-50pct,0.5,shallow-ensemble,k6scvi1c,4,impulse_noise,0.883625,0.868955,0.883625
scarce-50pct,0.5,shallow-ensemble,k6scvi1c,4,jpeg,0.771299,0.703606,0.771299
scarce-50pct,0.5,shallow-ensemble,k6scvi1c,4,motion_blur,0.763786,0.723359,0.763786
scarce-50pct,0.5,shallow-ensemble,k6scvi1c,4,pixelate,0.769683,0.719230,0.769683
scarce-50pct,0.5,shallow-ensemble,k6scvi1c,4,shot_noise,0.842120,0.808996,0.842120
scarce-50pct,0.5,shallow-ensemble,k6scvi1c,4,snow,0.689777,0.643247,0.689777
scarce-50pct,0.5,shallow-ensemble,k6scvi1c,4,zoom_blur,0.798989,0.766477,0.798989
scarce-50pct,0.5,shallow-ensemble,k6scvi1c,5,brightness,0.592914,0.560030,0.592915
scarce-50pct,0.5,shallow-ensemble,k6scvi1c,5,contrast,0.875196,0.855786,0.875196
scarce-50pct,0.5,shallow-ensemble,k6scvi1c,5,defocus_blur,0.857824,0.841556,0.857824
scarce-50pct,0.5,shallow-ensemble,k6scvi1c,5,elastic,0.770205,0.724310,0.770205
scarce-50pct,0.5,shallow-ensemble,k6scvi1c,5,fog,0.748929,0.712741,0.748929
scarce-50pct,0.5,shallow-ensemble,k6scvi1c,5,frost,0.796961,0.761505,0.796961
scarce-50pct,0.5,shallow-ensemble,k6scvi1c,5,frosted_glass_blur,0.859754,0.808725,0.859754
scarce-50pct,0.5,shallow-ensemble,k6scvi1c,5,gaussian_noise,0.852547,0.827533,0.852547
scarce-50pct,0.5,shallow-ensemble,k6scvi1c,5,impulse_noise,0.841312,0.826565,0.841312
scarce-50pct,0.5,shallow-ensemble,k6scvi1c,5,jpeg,0.795809,0.730095,0.795809
scarce-50pct,0.5,shallow-ensemble,k6scvi1c,5,motion_blur,0.804830,0.774742,0.804830
scarce-50pct,0.5,shallow-ensemble,k6scvi1c,5,pixelate,0.817015,0.764850,0.817015
scarce-50pct,0.5,shallow-ensemble,k6scvi1c,5,shot_noise,0.855624,0.826679,0.855624
scarce-50pct,0.5,shallow-ensemble,k6scvi1c,5,snow,0.736350,0.685083,0.736350
scarce-50pct,0.5,shallow-ensemble,k6scvi1c,5,zoom_blur,0.839605,0.821887,0.839605
scarce-50pct,0.5,het-xl,olapo0kg,1,brightness,0.500572,0.500617,0.500565
scarce-50pct,0.5,het-xl,olapo0kg,1,contrast,0.525724,0.525756,0.525727
scarce-50pct,0.5,het-xl,olapo0kg,1,defocus_blur,0.509944,0.510048,0.509931
scarce-50pct,0.5,het-xl,olapo0kg,1,elastic,0.647913,0.647703,0.647917
scarce-50pct,0.5,het-xl,olapo0kg,1,fog,0.513920,0.513970,0.513915
scarce-50pct,0.5,het-xl,olapo0kg,1,frost,0.616325,0.616541,0.616309
scarce-50pct,0.5,het-xl,olapo0kg,1,frosted_glass_blur,0.838407,0.837067,0.838487
scarce-50pct,0.5,het-xl,olapo0kg,1,gaussian_noise,0.721273,0.722671,0.721185
scarce-50pct,0.5,het-xl,olapo0kg,1,impulse_noise,0.638496,0.637276,0.638556
scarce-50pct,0.5,het-xl,olapo0kg,1,jpeg,0.671353,0.670343,0.671404
scarce-50pct,0.5,het-xl,olapo0kg,1,motion_blur,0.632426,0.632793,0.632404
scarce-50pct,0.5,het-xl,olapo0kg,1,pixelate,0.578885,0.577732,0.578941
scarce-50pct,0.5,het-xl,olapo0kg,1,shot_noise,0.664249,0.665382,0.664167
scarce-50pct,0.5,het-xl,olapo0kg,1,snow,0.610610,0.609665,0.610659
scarce-50pct,0.5,het-xl,olapo0kg,1,zoom_blur,0.686270,0.686010,0.686293
scarce-50pct,0.5,het-xl,olapo0kg,2,brightness,0.508256,0.508210,0.508258
scarce-50pct,0.5,het-xl,olapo0kg,2,contrast,0.612019,0.611583,0.612043
scarce-50pct,0.5,het-xl,olapo0kg,2,defocus_blur,0.562444,0.562617,0.562432
scarce-50pct,0.5,het-xl,olapo0kg,2,elastic,0.651736,0.651495,0.651743
scarce-50pct,0.5,het-xl,olapo0kg,2,fog,0.552582,0.552312,0.552588
scarce-50pct,0.5,het-xl,olapo0kg,2,frost,0.690184,0.690290,0.690178
scarce-50pct,0.5,het-xl,olapo0kg,2,frosted_glass_blur,0.832878,0.831258,0.832977
scarce-50pct,0.5,het-xl,olapo0kg,2,gaussian_noise,0.795563,0.796664,0.795491
scarce-50pct,0.5,het-xl,olapo0kg,2,impulse_noise,0.722975,0.720333,0.723117
scarce-50pct,0.5,het-xl,olapo0kg,2,jpeg,0.736428,0.734746,0.736536
scarce-50pct,0.5,het-xl,olapo0kg,2,motion_blur,0.722229,0.722806,0.722191
scarce-50pct,0.5,het-xl,olapo0kg,2,pixelate,0.666393,0.664042,0.666515
scarce-50pct,0.5,het-xl,olapo0kg,2,shot_noise,0.724744,0.726095,0.724668
scarce-50pct,0.5,het-xl,olapo0kg,2,snow,0.726873,0.725362,0.726959
scarce-50pct,0.5,het-xl,olapo0kg,2,zoom_blur,0.742385,0.742627,0.742376
scarce-50pct,0.5,het-xl,olapo0kg,3,brightness,0.521765,0.521647,0.521764
scarce-50pct,0.5,het-xl,olapo0kg,3,contrast,0.677081,0.676090,0.677148
scarce-50pct,0.5,het-xl,olapo0kg,3,defocus_blur,0.685597,0.685940,0.685585
scarce-50pct,0.5,het-xl,olapo0kg,3,elastic,0.720015,0.719808,0.720021
scarce-50pct,0.5,het-xl,olapo0kg,3,fog,0.592998,0.592308,0.593038
scarce-50pct,0.5,het-xl,olapo0kg,3,frost,0.763845,0.763595,0.763867
scarce-50pct,0.5,het-xl,olapo0kg,3,frosted_glass_blur,0.830447,0.829247,0.830517
scarce-50pct,0.5,het-xl,olapo0kg,3,gaussian_noise,0.835472,0.836872,0.835376
scarce-50pct,0.5,het-xl,olapo0kg,3,impulse_noise,0.791011,0.787177,0.791230
scarce-50pct,0.5,het-xl,olapo0kg,3,jpeg,0.753918,0.752165,0.754027
scarce-50pct,0.5,het-xl,olapo0kg,3,motion_blur,0.782822,0.782820,0.782825
scarce-50pct,0.5,het-xl,olapo0kg,3,pixelate,0.700715,0.697831,0.700883
scarce-50pct,0.5,het-xl,olapo0kg,3,shot_noise,0.801764,0.802847,0.801694
scarce-50pct,0.5,het-xl,olapo0kg,3,snow,0.697119,0.695333,0.697224
scarce-50pct,0.5,het-xl,olapo0kg,3,zoom_blur,0.797076,0.797553,0.797049
scarce-50pct,0.5,het-xl,olapo0kg,4,brightness,0.539552,0.539320,0.539560
scarce-50pct,0.5,het-xl,olapo0kg,4,contrast,0.767763,0.765854,0.767878
scarce-50pct,0.5,het-xl,olapo0kg,4,defocus_blur,0.796318,0.797066,0.796269
scarce-50pct,0.5,het-xl,olapo0kg,4,elastic,0.764497,0.764286,0.764516
scarce-50pct,0.5,het-xl,olapo0kg,4,fog,0.647834,0.646898,0.647890
scarce-50pct,0.5,het-xl,olapo0kg,4,frost,0.773203,0.773217,0.773195
scarce-50pct,0.5,het-xl,olapo0kg,4,frosted_glass_blur,0.855275,0.853006,0.855420
scarce-50pct,0.5,het-xl,olapo0kg,4,gaussian_noise,0.846061,0.847483,0.845958
scarce-50pct,0.5,het-xl,olapo0kg,4,impulse_noise,0.872761,0.869176,0.872972
scarce-50pct,0.5,het-xl,olapo0kg,4,jpeg,0.771301,0.769155,0.771433
scarce-50pct,0.5,het-xl,olapo0kg,4,motion_blur,0.782840,0.782950,0.782834
scarce-50pct,0.5,het-xl,olapo0kg,4,pixelate,0.790269,0.786546,0.790487
scarce-50pct,0.5,het-xl,olapo0kg,4,shot_noise,0.824219,0.825246,0.824146
scarce-50pct,0.5,het-xl,olapo0kg,4,snow,0.714905,0.712847,0.715027
scarce-50pct,0.5,het-xl,olapo0kg,4,zoom_blur,0.831242,0.832129,0.831183
scarce-50pct,0.5,het-xl,olapo0kg,5,brightness,0.586770,0.586191,0.586803
scarce-50pct,0.5,het-xl,olapo0kg,5,contrast,0.921166,0.917082,0.921410
scarce-50pct,0.5,het-xl,olapo0kg,5,defocus_blur,0.889153,0.890472,0.889034
scarce-50pct,0.5,het-xl,olapo0kg,5,elastic,0.783590,0.782489,0.783663
scarce-50pct,0.5,het-xl,olapo0kg,5,fog,0.780859,0.780584,0.780864
scarce-50pct,0.5,het-xl,olapo0kg,5,frost,0.815235,0.815671,0.815205
scarce-50pct,0.5,het-xl,olapo0kg,5,frosted_glass_blur,0.854746,0.852778,0.854871
scarce-50pct,0.5,het-xl,olapo0kg,5,gaussian_noise,0.850936,0.852327,0.850838
scarce-50pct,0.5,het-xl,olapo0kg,5,impulse_noise,0.867748,0.865380,0.867897
scarce-50pct,0.5,het-xl,olapo0kg,5,jpeg,0.794652,0.792507,0.794767
scarce-50pct,0.5,het-xl,olapo0kg,5,motion_blur,0.823614,0.823123,0.823656
scarce-50pct,0.5,het-xl,olapo0kg,5,pixelate,0.836688,0.833180,0.836908
scarce-50pct,0.5,het-xl,olapo0kg,5,shot_noise,0.838753,0.839834,0.838680
scarce-50pct,0.5,het-xl,olapo0kg,5,snow,0.760755,0.758930,0.760867
scarce-50pct,0.5,het-xl,olapo0kg,5,zoom_blur,0.858869,0.860229,0.858768
scarce-50pct,0.5,hetclassnn,pb3a6oru,1,brightness,0.502630,0.503059,0.502577
scarce-50pct,0.5,hetclassnn,pb3a6oru,1,contrast,0.512902,0.513224,0.512553
scarce-50pct,0.5,hetclassnn,pb3a6oru,1,defocus_blur,0.504865,0.504986,0.504863
scarce-50pct,0.5,hetclassnn,pb3a6oru,1,elastic,0.614236,0.614522,0.613851
scarce-50pct,0.5,hetclassnn,pb3a6oru,1,fog,0.505054,0.505374,0.504988
scarce-50pct,0.5,hetclassnn,pb3a6oru,1,frost,0.587640,0.588690,0.587175
scarce-50pct,0.5,hetclassnn,pb3a6oru,1,frosted_glass_blur,0.848801,0.848166,0.847417
scarce-50pct,0.5,hetclassnn,pb3a6oru,1,gaussian_noise,0.690499,0.693193,0.688943
scarce-50pct,0.5,hetclassnn,pb3a6oru,1,impulse_noise,0.685834,0.690471,0.684177
scarce-50pct,0.5,hetclassnn,pb3a6oru,1,jpeg,0.659122,0.660359,0.658326
scarce-50pct,0.5,hetclassnn,pb3a6oru,1,motion_blur,0.591478,0.592862,0.590833
scarce-50pct,0.5,hetclassnn,pb3a6oru,1,pixelate,0.557525,0.559215,0.557179
scarce-50pct,0.5,hetclassnn,pb3a6oru,1,shot_noise,0.626165,0.627760,0.625209
scarce-50pct,0.5,hetclassnn,pb3a6oru,1,snow,0.610012,0.612328,0.609404
scarce-50pct,0.5,hetclassnn,pb3a6oru,1,zoom_blur,0.630324,0.632493,0.629433
scarce-50pct,0.5,hetclassnn,pb3a6oru,2,brightness,0.509851,0.510165,0.509758
scarce-50pct,0.5,hetclassnn,pb3a6oru,2,contrast,0.580036,0.579565,0.579713
scarce-50pct,0.5,hetclassnn,pb3a6oru,2,defocus_blur,0.537792,0.538863,0.537281
scarce-50pct,0.5,hetclassnn,pb3a6oru,2,elastic,0.612578,0.613854,0.611943
scarce-50pct,0.5,hetclassnn,pb3a6oru,2,fog,0.533819,0.534890,0.533319
scarce-50pct,0.5,hetclassnn,pb3a6oru,2,frost,0.658599,0.659148,0.658061
scarce-50pct,0.5,hetclassnn,pb3a6oru,2,frosted_glass_blur,0.845332,0.844579,0.844122
scarce-50pct,0.5,hetclassnn,pb3a6oru,2,gaussian_noise,0.788597,0.789556,0.787345
scarce-50pct,0.5,hetclassnn,pb3a6oru,2,impulse_noise,0.790934,0.794438,0.789057
scarce-50pct,0.5,hetclassnn,pb3a6oru,2,jpeg,0.727160,0.728776,0.726164
scarce-50pct,0.5,hetclassnn,pb3a6oru,2,motion_blur,0.674572,0.676537,0.673430
scarce-50pct,0.5,hetclassnn,pb3a6oru,2,pixelate,0.615306,0.615853,0.614986
scarce-50pct,0.5,hetclassnn,pb3a6oru,2,shot_noise,0.698408,0.700633,0.696961
scarce-50pct,0.5,hetclassnn,pb3a6oru,2,snow,0.708800,0.711466,0.707375
scarce-50pct,0.5,hetclassnn,pb3a6oru,2,zoom_blur,0.667567,0.668505,0.666770
scarce-50pct,0.5,hetclassnn,pb3a6oru,3,brightness,0.524373,0.524302,0.524372
scarce-50pct,0.5,hetclassnn,pb3a6oru,3,contrast,0.635439,0.634101,0.635463
scarce-50pct,0.5,hetclassnn,pb3a6oru,3,defocus_blur,0.612948,0.614698,0.611977
scarce-50pct,0.5,hetclassnn,pb3a6oru,3,elastic,0.665200,0.666707,0.664367
scarce-50pct,0.5,hetclassnn,pb3a6oru,3,fog,0.567419,0.568150,0.566997
scarce-50pct,0.5,hetclassnn,pb3a6oru,3,frost,0.736794,0.736576,0.736003
scarce-50pct,0.5,hetclassnn,pb3a6oru,3,frosted_glass_blur,0.828506,0.827757,0.827491
scarce-50pct,0.5,hetclassnn,pb3a6oru,3,gaussian_noise,0.846132,0.845466,0.845335
scarce-50pct,0.5,hetclassnn,pb3a6oru,3,impulse_noise,0.855418,0.856390,0.853894
scarce-50pct,0.5,hetclassnn,pb3a6oru,3,jpeg,0.745337,0.747563,0.744228
scarce-50pct,0.5,hetclassnn,pb3a6oru,3,motion_blur,0.741774,0.743350,0.740424
scarce-50pct,0.5,hetclassnn,pb3a6oru,3,pixelate,0.649493,0.649191,0.649331
scarce-50pct,0.5,hetclassnn,pb3a6oru,3,shot_noise,0.802076,0.802070,0.801271
scarce-50pct,0.5,hetclassnn,pb3a6oru,3,snow,0.689712,0.692049,0.688880
scarce-50pct,0.5,hetclassnn,pb3a6oru,3,zoom_blur,0.718367,0.718553,0.717891
scarce-50pct,0.5,hetclassnn,pb3a6oru,4,brightness,0.543268,0.543345,0.543201
scarce-50pct,0.5,hetclassnn,pb3a6oru,4,contrast,0.716360,0.713656,0.716899
scarce-50pct,0.5,hetclassnn,pb3a6oru,4,defocus_blur,0.707377,0.709571,0.705888
scarce-50pct,0.5,hetclassnn,pb3a6oru,4,elastic,0.739613,0.742288,0.738363
scarce-50pct,0.5,hetclassnn,pb3a6oru,4,fog,0.617490,0.618798,0.616679
scarce-50pct,0.5,hetclassnn,pb3a6oru,4,frost,0.745602,0.745480,0.744891
scarce-50pct,0.5,hetclassnn,pb3a6oru,4,frosted_glass_blur,0.875302,0.873124,0.874515
scarce-50pct,0.5,hetclassnn,pb3a6oru,4,gaussian_noise,0.865126,0.862690,0.864967
scarce-50pct,0.5,hetclassnn,pb3a6oru,4,impulse_noise,0.920545,0.917891,0.919820
scarce-50pct,0.5,hetclassnn,pb3a6oru,4,jpeg,0.766254,0.767718,0.765092
scarce-50pct,0.5,hetclassnn,pb3a6oru,4,motion_blur,0.741304,0.742672,0.740037
scarce-50pct,0.5,hetclassnn,pb3a6oru,4,pixelate,0.727763,0.728500,0.727108
scarce-50pct,0.5,hetclassnn,pb3a6oru,4,shot_noise,0.832554,0.831753,0.831804
scarce-50pct,0.5,hetclassnn,pb3a6oru,4,snow,0.707002,0.709414,0.706040
scarce-50pct,0.5,hetclassnn,pb3a6oru,4,zoom_blur,0.758183,0.758154,0.757578
scarce-50pct,0.5,hetclassnn,pb3a6oru,5,brightness,0.590745,0.590111,0.590893
scarce-50pct,0.5,hetclassnn,pb3a6oru,5,contrast,0.890106,0.877616,0.894014
scarce-50pct,0.5,hetclassnn,pb3a6oru,5,defocus_blur,0.831627,0.830536,0.831192
scarce-50pct,0.5,hetclassnn,pb3a6oru,5,elastic,0.779385,0.781723,0.778076
scarce-50pct,0.5,hetclassnn,pb3a6oru,5,fog,0.751504,0.753058,0.749969
scarce-50pct,0.5,hetclassnn,pb3a6oru,5,frost,0.799080,0.799177,0.797780
scarce-50pct,0.5,hetclassnn,pb3a6oru,5,frosted_glass_blur,0.864851,0.862350,0.864466
scarce-50pct,0.5,hetclassnn,pb3a6oru,5,gaussian_noise,0.880226,0.876734,0.880477
scarce-50pct,0.5,hetclassnn,pb3a6oru,5,impulse_noise,0.948394,0.943944,0.947938
scarce-50pct,0.5,hetclassnn,pb3a6oru,5,jpeg,0.792319,0.793464,0.791151
scarce-50pct,0.5,hetclassnn,pb3a6oru,5,motion_blur,0.792471,0.793536,0.790997
scarce-50pct,0.5,hetclassnn,pb3a6oru,5,pixelate,0.799323,0.801640,0.797384
scarce-50pct,0.5,hetclassnn,pb3a6oru,5,shot_noise,0.865897,0.863679,0.865660
scarce-50pct,0.5,hetclassnn,pb3a6oru,5,snow,0.741937,0.742273,0.741334
scarce-50pct,0.5,hetclassnn,pb3a6oru,5,zoom_blur,0.807087,0.805566,0.807024
